index,index_x,index_y,pos_x,pos_y,disp_x,disp_y,strain_xx,strain_yy,strain_xy
0,0,0,100.0,100.0,0.0,0.0,0.0,0.0,0.0
1,0,1,100.0,110.0,0.0,0.0,0.0,0.0,0.0
2,0,2,100.0,120.0,0.0,0.0,0.0,0.0,0.0
3,0,3,100.0,130.0,0.0,0.0,0.0,0.0,0.0
4,0,4,100.0,140.0,0.0,0.0,0.0,0.0,0.0
5,0,5,100.0,150.0,0.0,0.0,0.0,0.0,0.0
6,0,6,100.0,160.0,0.0,0.0,0.0,0.0,0.0
7,0,7,100.0,170.0,0.0,0.0,0.0,0.0,0.0
8,0,8,100.0,180.0,0.0,0.0,0.0,0.0,0.0
9,0,9,100.0,190.0,0.0,0.0,0.0,0.0,0.0
10,0,10,100.0,200.0,0.0,0.0,0.0,0.0,0.0
11,0,11,100.0,210.0,0.0,0.0,0.0,0.0,0.0
12,0,12,100.0,220.0,0.0,0.0,0.0,0.0,0.0
13,0,13,100.0,230.0,0.0,0.0,0.0,0.0,0.0
14,0,14,100.0,240.0,0.0,0.0,0.0,0.0,0.0
15,0,15,100.0,250.0,0.0,0.0,0.0,0.0,0.0
16,0,16,100.0,260.0,0.0,0.0,0.0,0.0,0.0
17,0,17,100.0,270.0,0.0,0.0,0.0,0.0,0.0
18,0,18,100.0,280.0,0.0,0.0,0.0,0.0,0.0
19,0,19,100.0,290.0,0.0,0.0,0.0,0.0,0.0
20,0,20,100.0,300.0,0.0,0.0,0.0,0.0,0.0
21,0,21,100.0,310.0,0.0,0.0,0.0,0.0,0.0
22,0,22,100.0,320.0,0.0,0.0,0.0,0.0,0.0
23,0,23,100.0,330.0,0.0,0.0,0.0,0.0,0.0
24,0,24,100.0,340.0,0.0,0.0,0.0,0.0,0.0
25,0,25,100.0,350.0,0.0,0.0,0.0,0.0,0.0
26,0,26,100.0,360.0,0.0,0.0,0.0,0.0,0.0
27,0,27,100.0,370.0,0.0,0.0,0.0,0.0,0.0
28,0,28,100.0,380.0,0.0,0.0,0.0,0.0,0.0
29,0,29,100.0,390.0,0.0,0.0,0.0,0.0,0.0
30,0,30,100.0,400.0,0.0,0.0,0.0,0.0,0.0
31,0,31,100.0,410.0,0.0,0.0,0.0,0.0,0.0
32,0,32,100.0,420.0,0.0,0.0,0.0,0.0,0.0
33,0,33,100.0,430.0,0.0,0.0,0.0,0.0,0.0
34,0,34,100.0,440.0,0.0,0.0,0.0,0.0,0.0
35,0,35,100.0,450.0,0.0,0.0,0.0,0.0,0.0
36,0,36,100.0,460.0,0.0,0.0,0.0,0.0,0.0
37,0,37,100.0,470.0,0.0,0.0,0.0,0.0,0.0
38,0,38,100.0,480.0,0.0,0.0,0.0,0.0,0.0
39,0,39,100.0,490.0,0.0,0.0,0.0,0.0,0.0
40,1,0,110.0,100.0,0.0,0.0,0.0,0.0,0.0
41,1,1,110.0,110.0,0.0,0.0,0.0,0.0,0.0
42,1,2,110.0,120.0,0.0,0.0,0.0,0.0,0.0
43,1,3,110.0,130.0,0.0,0.0,0.0,0.0,0.0
44,1,4,110.0,140.0,0.0,0.0,0.0,0.0,0.0
45,1,5,110.0,150.0,0.0,0.0,0.0,0.0,0.0
46,1,6,110.0,160.0,0.0,0.0,0.0,0.0,0.0
47,1,7,110.0,170.0,0.0,0.0,0.0,0.0,0.0
48,1,8,110.0,180.0,0.0,0.0,0.0,0.0,0.0
49,1,9,110.0,190.0,0.0,0.0,0.0,0.0,0.0
50,1,10,110.0,200.0,0.0,0.0,0.0,0.0,0.0
51,1,11,110.0,210.0,0.0,0.0,0.0,0.0,0.0
52,1,12,110.0,220.0,0.0,0.0,0.0,0.0,0.0
53,1,13,110.0,230.0,0.0,0.0,0.0,0.0,0.0
54,1,14,110.0,240.0,0.0,0.0,0.0,0.0,0.0
55,1,15,110.0,250.0,0.0,0.0,0.0,0.0,0.0
56,1,16,110.0,260.0,0.0,0.0,0.0,0.0,0.0
57,1,17,110.0,270.0,0.0,0.0,0.0,0.0,0.0
58,1,18,110.0,280.0,0.0,0.0,0.0,0.0,0.0
59,1,19,110.0,290.0,0.0,0.0,0.0,0.0,0.0
60,1,20,110.0,300.0,0.0,0.0,0.0,0.0,0.0
61,1,21,110.0,310.0,0.0,0.0,0.0,0.0,0.0
62,1,22,110.0,320.0,0.0,0.0,0.0,0.0,0.0
63,1,23,110.0,330.0,0.0,0.0,0.0,0.0,0.0
64,1,24,110.0,340.0,0.0,0.0,0.0,0.0,0.0
65,1,25,110.0,350.0,0.0,0.0,0.0,0.0,0.0
66,1,26,110.0,360.0,0.0,0.0,0.0,0.0,0.0
67,1,27,110.0,370.0,0.0,0.0,0.0,0.0,0.0
68,1,28,110.0,380.0,0.0,0.0,0.0,0.0,0.0
69,1,29,110.0,390.0,0.0,0.0,0.0,0.0,0.0
70,1,30,110.0,400.0,0.0,0.0,0.0,0.0,0.0
71,1,31,110.0,410.0,0.0,0.0,0.0,0.0,0.0
72,1,32,110.0,420.0,0.0,0.0,0.0,0.0,0.0
73,1,33,110.0,430.0,0.0,0.0,0.0,0.0,0.0
74,1,34,110.0,440.0,0.0,0.0,0.0,0.0,0.0
75,1,35,110.0,450.0,0.0,0.0,0.0,0.0,0.0
76,1,36,110.0,460.0,0.0,0.0,0.0,0.0,0.0
77,1,37,110.0,470.0,0.0,0.0,0.0,0.0,0.0
78,1,38,110.0,480.0,0.0,0.0,0.0,0.0,0.0
79,1,39,110.0,490.0,0.0,0.0,0.0,0.0,0.0
80,2,0,120.0,100.0,0.0,0.0,0.0,0.0,0.0
81,2,1,120.0,110.0,0.0,0.0,0.0,0.0,0.0
82,2,2,120.0,120.0,0.0,0.0,0.0,0.0,0.0
83,2,3,120.0,130.0,0.0,0.0,0.0,0.0,0.0
84,2,4,120.0,140.0,0.0,0.0,0.0,0.0,0.0
85,2,5,120.0,150.0,0.0,0.0,0.0,0.0,0.0
86,2,6,120.0,160.0,0.0,0.0,0.0,0.0,0.0
87,2,7,120.0,170.0,0.0,0.0,0.0,0.0,0.0
88,2,8,120.0,180.0,0.0,0.0,0.0,0.0,0.0
89,2,9,120.0,190.0,0.0,0.0,0.0,0.0,0.0
90,2,10,120.0,200.0,0.0,0.0,0.0,0.0,0.0
91,2,11,120.0,210.0,0.0,0.0,0.0,0.0,0.0
92,2,12,120.0,220.0,0.0,0.0,0.0,0.0,0.0
93,2,13,120.0,230.0,0.0,0.0,0.0,0.0,0.0
94,2,14,120.0,240.0,0.0,0.0,0.0,0.0,0.0
95,2,15,120.0,250.0,0.0,0.0,0.0,0.0,0.0
96,2,16,120.0,260.0,0.0,0.0,0.0,0.0,0.0
97,2,17,120.0,270.0,0.0,0.0,0.0,0.0,0.0
98,2,18,120.0,280.0,0.0,0.0,0.0,0.0,0.0
99,2,19,120.0,290.0,0.0,0.0,0.0,0.0,0.0
100,2,20,120.0,300.0,0.0,0.0,0.0,0.0,0.0
101,2,21,120.0,310.0,0.0,0.0,0.0,0.0,0.0
102,2,22,120.0,320.0,0.0,0.0,0.0,0.0,0.0
103,2,23,120.0,330.0,0.0,0.0,0.0,0.0,0.0
104,2,24,120.0,340.0,0.0,0.0,0.0,0.0,0.0
105,2,25,120.0,350.0,0.0,0.0,0.0,0.0,0.0
106,2,26,120.0,360.0,0.0,0.0,0.0,0.0,0.0
107,2,27,120.0,370.0,0.0,0.0,0.0,0.0,0.0
108,2,28,120.0,380.0,0.0,0.0,0.0,0.0,0.0
109,2,29,120.0,390.0,0.0,0.0,0.0,0.0,0.0
110,2,30,120.0,400.0,0.0,0.0,0.0,0.0,0.0
111,2,31,120.0,410.0,0.0,0.0,0.0,0.0,0.0
112,2,32,120.0,420.0,0.0,0.0,0.0,0.0,0.0
113,2,33,120.0,430.0,0.0,0.0,0.0,0.0,0.0
114,2,34,120.0,440.0,0.0,0.0,0.0,0.0,0.0
115,2,35,120.0,450.0,0.0,0.0,0.0,0.0,0.0
116,2,36,120.0,460.0,0.0,0.0,0.0,0.0,0.0
117,2,37,120.0,470.0,0.0,0.0,0.0,0.0,0.0
118,2,38,120.0,480.0,0.0,0.0,0.0,0.0,0.0
119,2,39,120.0,490.0,0.0,0.0,0.0,0.0,0.0
120,3,0,130.0,100.0,0.0,0.0,0.0,0.0,0.0
121,3,1,130.0,110.0,0.0,0.0,0.0,0.0,0.0
122,3,2,130.0,120.0,0.0,0.0,0.0,0.0,0.0
123,3,3,130.0,130.0,0.0,0.0,0.0,0.0,0.0
124,3,4,130.0,140.0,0.0,0.0,0.0,0.0,0.0
125,3,5,130.0,150.0,0.0,0.0,0.0,0.0,0.0
126,3,6,130.0,160.0,0.0,0.0,0.0,0.0,0.0
127,3,7,130.0,170.0,0.0,0.0,0.0,0.0,0.0
128,3,8,130.0,180.0,0.0,0.0,0.0,0.0,0.0
129,3,9,130.0,190.0,0.0,0.0,0.0,0.0,0.0
130,3,10,130.0,200.0,0.0,0.0,0.0,0.0,0.0
131,3,11,130.0,210.0,0.0,0.0,0.0,0.0,0.0
132,3,12,130.0,220.0,0.0,0.0,0.0,0.0,0.0
133,3,13,130.0,230.0,0.0,0.0,0.0,0.0,0.0
134,3,14,130.0,240.0,0.0,0.0,0.0,0.0,0.0
135,3,15,130.0,250.0,0.0,0.0,0.0,0.0,0.0
136,3,16,130.0,260.0,0.0,0.0,0.0,0.0,0.0
137,3,17,130.0,270.0,0.0,0.0,0.0,0.0,0.0
138,3,18,130.0,280.0,0.0,0.0,0.0,0.0,0.0
139,3,19,130.0,290.0,0.0,0.0,0.0,0.0,0.0
140,3,20,130.0,300.0,0.0,0.0,0.0,0.0,0.0
141,3,21,130.0,310.0,0.0,0.0,0.0,0.0,0.0
142,3,22,130.0,320.0,0.0,0.0,0.0,0.0,0.0
143,3,23,130.0,330.0,0.0,0.0,0.0,0.0,0.0
144,3,24,130.0,340.0,0.0,0.0,0.0,0.0,0.0
145,3,25,130.0,350.0,0.0,0.0,0.0,0.0,0.0
146,3,26,130.0,360.0,0.0,0.0,0.0,0.0,0.0
147,3,27,130.0,370.0,0.0,0.0,0.0,0.0,0.0
148,3,28,130.0,380.0,0.0,0.0,0.0,0.0,0.0
149,3,29,130.0,390.0,0.0,0.0,0.0,0.0,0.0
150,3,30,130.0,400.0,0.0,0.0,0.0,0.0,0.0
151,3,31,130.0,410.0,0.0,0.0,0.0,0.0,0.0
152,3,32,130.0,420.0,0.0,0.0,0.0,0.0,0.0
153,3,33,130.0,430.0,0.0,0.0,0.0,0.0,0.0
154,3,34,130.0,440.0,0.0,0.0,0.0,0.0,0.0
155,3,35,130.0,450.0,0.0,0.0,0.0,0.0,0.0
156,3,36,130.0,460.0,0.0,0.0,0.0,0.0,0.0
157,3,37,130.0,470.0,0.0,0.0,0.0,0.0,0.0
158,3,38,130.0,480.0,0.0,0.0,0.0,0.0,0.0
159,3,39,130.0,490.0,0.0,0.0,0.0,0.0,0.0
160,4,0,140.0,100.0,0.0,0.0,0.0,0.0,0.0
161,4,1,140.0,110.0,0.0,0.0,0.0,0.0,0.0
162,4,2,140.0,120.0,0.0,0.0,0.0,0.0,0.0
163,4,3,140.0,130.0,0.0,0.0,0.0,0.0,0.0
164,4,4,140.0,140.0,0.0,0.0,0.0,0.0,0.0
165,4,5,140.0,150.0,0.0,0.0,0.0,0.0,0.0
166,4,6,140.0,160.0,0.0,0.0,0.0,0.0,0.0
167,4,7,140.0,170.0,0.0,0.0,0.0,0.0,0.0
168,4,8,140.0,180.0,0.0,0.0,0.0,0.0,0.0
169,4,9,140.0,190.0,0.0,0.0,0.0,0.0,0.0
170,4,10,140.0,200.0,0.0,0.0,0.0,0.0,0.0
171,4,11,140.0,210.0,0.0,0.0,0.0,0.0,0.0
172,4,12,140.0,220.0,0.0,0.0,0.0,0.0,0.0
173,4,13,140.0,230.0,0.0,0.0,0.0,0.0,0.0
174,4,14,140.0,240.0,0.0,0.0,0.0,0.0,0.0
175,4,15,140.0,250.0,0.0,0.0,0.0,0.0,0.0
176,4,16,140.0,260.0,0.0,0.0,0.0,0.0,0.0
177,4,17,140.0,270.0,0.0,0.0,0.0,0.0,0.0
178,4,18,140.0,280.0,0.0,0.0,0.0,0.0,0.0
179,4,19,140.0,290.0,0.0,0.0,0.0,0.0,0.0
180,4,20,140.0,300.0,0.0,0.0,0.0,0.0,0.0
181,4,21,140.0,310.0,0.0,0.0,0.0,0.0,0.0
182,4,22,140.0,320.0,0.0,0.0,0.0,0.0,0.0
183,4,23,140.0,330.0,0.0,0.0,0.0,0.0,0.0
184,4,24,140.0,340.0,0.0,0.0,0.0,0.0,0.0
185,4,25,140.0,350.0,0.0,0.0,0.0,0.0,0.0
186,4,26,140.0,360.0,0.0,0.0,0.0,0.0,0.0
187,4,27,140.0,370.0,0.0,0.0,0.0,0.0,0.0
188,4,28,140.0,380.0,0.0,0.0,0.0,0.0,0.0
189,4,29,140.0,390.0,0.0,0.0,0.0,0.0,0.0
190,4,30,140.0,400.0,0.0,0.0,0.0,0.0,0.0
191,4,31,140.0,410.0,0.0,0.0,0.0,0.0,0.0
192,4,32,140.0,420.0,0.0,0.0,0.0,0.0,0.0
193,4,33,140.0,430.0,0.0,0.0,0.0,0.0,0.0
194,4,34,140.0,440.0,0.0,0.0,0.0,0.0,0.0
195,4,35,140.0,450.0,0.0,0.0,0.0,0.0,0.0
196,4,36,140.0,460.0,0.0,0.0,0.0,0.0,0.0
197,4,37,140.0,470.0,0.0,0.0,0.0,0.0,0.0
198,4,38,140.0,480.0,0.0,0.0,0.0,0.0,0.0
199,4,39,140.0,490.0,0.0,0.0,0.0,0.0,0.0
200,5,0,150.0,100.0,0.0,0.0,0.0,0.0,0.0
201,5,1,150.0,110.0,0.0,0.0,0.0,0.0,0.0
202,5,2,150.0,120.0,0.0,0.0,0.0,0.0,0.0
203,5,3,150.0,130.0,0.0,0.0,0.0,0.0,0.0
204,5,4,150.0,140.0,0.0,0.0,0.0,0.0,0.0
205,5,5,150.0,150.0,0.0,0.0,0.0,0.0,0.0
206,5,6,150.0,160.0,0.0,0.0,0.0,0.0,0.0
207,5,7,150.0,170.0,0.0,0.0,0.0,0.0,0.0
208,5,8,150.0,180.0,0.0,0.0,0.0,0.0,0.0
209,5,9,150.0,190.0,0.0,0.0,0.0,0.0,0.0
210,5,10,150.0,200.0,0.0,0.0,0.0,0.0,0.0
211,5,11,150.0,210.0,0.0,0.0,0.0,0.0,0.0
212,5,12,150.0,220.0,0.0,0.0,0.0,0.0,0.0
213,5,13,150.0,230.0,0.0,0.0,0.0,0.0,0.0
214,5,14,150.0,240.0,0.0,0.0,0.0,0.0,0.0
215,5,15,150.0,250.0,0.0,0.0,0.0,0.0,0.0
216,5,16,150.0,260.0,0.0,0.0,0.0,0.0,0.0
217,5,17,150.0,270.0,0.0,0.0,0.0,0.0,0.0
218,5,18,150.0,280.0,0.0,0.0,0.0,0.0,0.0
219,5,19,150.0,290.0,0.0,0.0,0.0,0.0,0.0
220,5,20,150.0,300.0,0.0,0.0,0.0,0.0,0.0
221,5,21,150.0,310.0,0.0,0.0,0.0,0.0,0.0
222,5,22,150.0,320.0,0.0,0.0,0.0,0.0,0.0
223,5,23,150.0,330.0,0.0,0.0,0.0,0.0,0.0
224,5,24,150.0,340.0,0.0,0.0,0.0,0.0,0.0
225,5,25,150.0,350.0,0.0,0.0,0.0,0.0,0.0
226,5,26,150.0,360.0,0.0,0.0,0.0,0.0,0.0
227,5,27,150.0,370.0,0.0,0.0,0.0,0.0,0.0
228,5,28,150.0,380.0,0.0,0.0,0.0,0.0,0.0
229,5,29,150.0,390.0,0.0,0.0,0.0,0.0,0.0
230,5,30,150.0,400.0,0.0,0.0,0.0,0.0,0.0
231,5,31,150.0,410.0,0.0,0.0,0.0,0.0,0.0
232,5,32,150.0,420.0,0.0,0.0,0.0,0.0,0.0
233,5,33,150.0,430.0,0.0,0.0,0.0,0.0,0.0
234,5,34,150.0,440.0,0.0,0.0,0.0,0.0,0.0
235,5,35,150.0,450.0,0.0,0.0,0.0,0.0,0.0
236,5,36,150.0,460.0,0.0,0.0,0.0,0.0,0.0
237,5,37,150.0,470.0,0.0,0.0,0.0,0.0,0.0
238,5,38,150.0,480.0,0.0,0.0,0.0,0.0,0.0
239,5,39,150.0,490.0,0.0,0.0,0.0,0.0,0.0
240,6,0,160.0,100.0,0.0,0.0,0.0,0.0,0.0
241,6,1,160.0,110.0,0.0,0.0,0.0,0.0,0.0
242,6,2,160.0,120.0,0.0,0.0,0.0,0.0,0.0
243,6,3,160.0,130.0,0.0,0.0,0.0,0.0,0.0
244,6,4,160.0,140.0,0.0,0.0,0.0,0.0,0.0
245,6,5,160.0,150.0,0.0,0.0,0.0,0.0,0.0
246,6,6,160.0,160.0,0.0,0.0,0.0,0.0,0.0
247,6,7,160.0,170.0,0.0,0.0,0.0,0.0,0.0
248,6,8,160.0,180.0,0.0,0.0,0.0,0.0,0.0
249,6,9,160.0,190.0,0.0,0.0,0.0,0.0,0.0
250,6,10,160.0,200.0,0.0,0.0,0.0,0.0,0.0
251,6,11,160.0,210.0,0.0,0.0,0.0,0.0,0.0
252,6,12,160.0,220.0,0.0,0.0,0.0,0.0,0.0
253,6,13,160.0,230.0,0.0,0.0,0.0,0.0,0.0
254,6,14,160.0,240.0,0.0,0.0,0.0,0.0,0.0
255,6,15,160.0,250.0,0.0,0.0,0.0,0.0,0.0
256,6,16,160.0,260.0,0.0,0.0,0.0,0.0,0.0
257,6,17,160.0,270.0,0.0,0.0,0.0,0.0,0.0
258,6,18,160.0,280.0,0.0,0.0,0.0,0.0,0.0
259,6,19,160.0,290.0,0.0,0.0,0.0,0.0,0.0
260,6,20,160.0,300.0,0.0,0.0,0.0,0.0,0.0
261,6,21,160.0,310.0,0.0,0.0,0.0,0.0,0.0
262,6,22,160.0,320.0,0.0,0.0,0.0,0.0,0.0
263,6,23,160.0,330.0,0.0,0.0,0.0,0.0,0.0
264,6,24,160.0,340.0,0.0,0.0,0.0,0.0,0.0
265,6,25,160.0,350.0,0.0,0.0,0.0,0.0,0.0
266,6,26,160.0,360.0,0.0,0.0,0.0,0.0,0.0
267,6,27,160.0,370.0,0.0,0.0,0.0,0.0,0.0
268,6,28,160.0,380.0,0.0,0.0,0.0,0.0,0.0
269,6,29,160.0,390.0,0.0,0.0,0.0,0.0,0.0
270,6,30,160.0,400.0,0.0,0.0,0.0,0.0,0.0
271,6,31,160.0,410.0,0.0,0.0,0.0,0.0,0.0
272,6,32,160.0,420.0,0.0,0.0,0.0,0.0,0.0
273,6,33,160.0,430.0,0.0,0.0,0.0,0.0,0.0
274,6,34,160.0,440.0,0.0,0.0,0.0,0.0,0.0
275,6,35,160.0,450.0,0.0,0.0,0.0,0.0,0.0
276,6,36,160.0,460.0,0.0,0.0,0.0,0.0,0.0
277,6,37,160.0,470.0,0.0,0.0,0.0,0.0,0.0
278,6,38,160.0,480.0,0.0,0.0,0.0,0.0,0.0
279,6,39,160.0,490.0,0.0,0.0,0.0,0.0,0.0
280,7,0,170.0,100.0,0.0,0.0,0.0,0.0,0.0
281,7,1,170.0,110.0,0.0,0.0,0.0,0.0,0.0
282,7,2,170.0,120.0,0.0,0.0,0.0,0.0,0.0
283,7,3,170.0,130.0,0.0,0.0,0.0,0.0,0.0
284,7,4,170.0,140.0,0.0,0.0,0.0,0.0,0.0
285,7,5,170.0,150.0,0.0,0.0,0.0,0.0,0.0
286,7,6,170.0,160.0,0.0,0.0,0.0,0.0,0.0
287,7,7,170.0,170.0,0.0,0.0,0.0,0.0,0.0
288,7,8,170.0,180.0,0.0,0.0,0.0,0.0,0.0
289,7,9,170.0,190.0,0.0,0.0,0.0,0.0,0.0
290,7,10,170.0,200.0,0.0,0.0,0.0,0.0,0.0
291,7,11,170.0,210.0,0.0,0.0,0.0,0.0,0.0
292,7,12,170.0,220.0,0.0,0.0,0.0,0.0,0.0
293,7,13,170.0,230.0,0.0,0.0,0.0,0.0,0.0
294,7,14,170.0,240.0,0.0,0.0,0.0,0.0,0.0
295,7,15,170.0,250.0,0.0,0.0,0.0,0.0,0.0
296,7,16,170.0,260.0,0.0,0.0,0.0,0.0,0.0
297,7,17,170.0,270.0,0.0,0.0,0.0,0.0,0.0
298,7,18,170.0,280.0,0.0,0.0,0.0,0.0,0.0
299,7,19,170.0,290.0,0.0,0.0,0.0,0.0,0.0
300,7,20,170.0,300.0,0.0,0.0,0.0,0.0,0.0
301,7,21,170.0,310.0,0.0,0.0,0.0,0.0,0.0
302,7,22,170.0,320.0,0.0,0.0,0.0,0.0,0.0
303,7,23,170.0,330.0,0.0,0.0,0.0,0.0,0.0
304,7,24,170.0,340.0,0.0,0.0,0.0,0.0,0.0
305,7,25,170.0,350.0,0.0,0.0,0.0,0.0,0.0
306,7,26,170.0,360.0,0.0,0.0,0.0,0.0,0.0
307,7,27,170.0,370.0,0.0,0.0,0.0,0.0,0.0
308,7,28,170.0,380.0,0.0,0.0,0.0,0.0,0.0
309,7,29,170.0,390.0,0.0,0.0,0.0,0.0,0.0
310,7,30,170.0,400.0,0.0,0.0,0.0,0.0,0.0
311,7,31,170.0,410.0,0.0,0.0,0.0,0.0,0.0
312,7,32,170.0,420.0,0.0,0.0,0.0,0.0,0.0
313,7,33,170.0,430.0,0.0,0.0,0.0,0.0,0.0
314,7,34,170.0,440.0,0.0,0.0,0.0,0.0,0.0
315,7,35,170.0,450.0,0.0,0.0,0.0,0.0,0.0
316,7,36,170.0,460.0,0.0,0.0,0.0,0.0,0.0
317,7,37,170.0,470.0,0.0,0.0,0.0,0.0,0.0
318,7,38,170.0,480.0,0.0,0.0,0.0,0.0,0.0
319,7,39,170.0,490.0,0.0,0.0,0.0,0.0,0.0
320,8,0,180.0,100.0,0.0,0.0,0.0,0.0,0.0
321,8,1,180.0,110.0,0.0,0.0,0.0,0.0,0.0
322,8,2,180.0,120.0,0.0,0.0,0.0,0.0,0.0
323,8,3,180.0,130.0,0.0,0.0,0.0,0.0,0.0
324,8,4,180.0,140.0,0.0,0.0,0.0,0.0,0.0
325,8,5,180.0,150.0,0.0,0.0,0.0,0.0,0.0
326,8,6,180.0,160.0,0.0,0.0,0.0,0.0,0.0
327,8,7,180.0,170.0,0.0,0.0,0.0,0.0,0.0
328,8,8,180.0,180.0,0.0,0.0,0.0,0.0,0.0
329,8,9,180.0,190.0,0.0,0.0,0.0,0.0,0.0
330,8,10,180.0,200.0,0.0,0.0,0.0,0.0,0.0
331,8,11,180.0,210.0,0.0,0.0,0.0,0.0,0.0
332,8,12,180.0,220.0,0.0,0.0,0.0,0.0,0.0
333,8,13,180.0,230.0,0.0,0.0,0.0,0.0,0.0
334,8,14,180.0,240.0,0.0,0.0,0.0,0.0,0.0
335,8,15,180.0,250.0,0.0,0.0,0.0,0.0,0.0
336,8,16,180.0,260.0,0.0,0.0,0.0,0.0,0.0
337,8,17,180.0,270.0,0.0,0.0,0.0,0.0,0.0
338,8,18,180.0,280.0,0.0,0.0,0.0,0.0,0.0
339,8,19,180.0,290.0,0.0,0.0,0.0,0.0,0.0
340,8,20,180.0,300.0,0.0,0.0,0.0,0.0,0.0
341,8,21,180.0,310.0,0.0,0.0,0.0,0.0,0.0
342,8,22,180.0,320.0,0.0,0.0,0.0,0.0,0.0
343,8,23,180.0,330.0,0.0,0.0,0.0,0.0,0.0
344,8,24,180.0,340.0,0.0,0.0,0.0,0.0,0.0
345,8,25,180.0,350.0,0.0,0.0,0.0,0.0,0.0
346,8,26,180.0,360.0,0.0,0.0,0.0,0.0,0.0
347,8,27,180.0,370.0,0.0,0.0,0.0,0.0,0.0
348,8,28,180.0,380.0,0.0,0.0,0.0,0.0,0.0
349,8,29,180.0,390.0,0.0,0.0,0.0,0.0,0.0
350,8,30,180.0,400.0,0.0,0.0,0.0,0.0,0.0
351,8,31,180.0,410.0,0.0,0.0,0.0,0.0,0.0
352,8,32,180.0,420.0,0.0,0.0,0.0,0.0,0.0
353,8,33,180.0,430.0,0.0,0.0,0.0,0.0,0.0
354,8,34,180.0,440.0,0.0,0.0,0.0,0.0,0.0
355,8,35,180.0,450.0,0.0,0.0,0.0,0.0,0.0
356,8,36,180.0,460.0,0.0,0.0,0.0,0.0,0.0
357,8,37,180.0,470.0,0.0,0.0,0.0,0.0,0.0
358,8,38,180.0,480.0,0.0,0.0,0.0,0.0,0.0
359,8,39,180.0,490.0,0.0,0.0,0.0,0.0,0.0
360,9,0,190.0,100.0,0.0,0.0,0.0,0.0,0.0
361,9,1,190.0,110.0,0.0,0.0,0.0,0.0,0.0
362,9,2,190.0,120.0,0.0,0.0,0.0,0.0,0.0
363,9,3,190.0,130.0,0.0,0.0,0.0,0.0,0.0
364,9,4,190.0,140.0,0.0,0.0,0.0,0.0,0.0
365,9,5,190.0,150.0,0.0,0.0,0.0,0.0,0.0
366,9,6,190.0,160.0,0.0,0.0,0.0,0.0,0.0
367,9,7,190.0,170.0,0.0,0.0,0.0,0.0,0.0
368,9,8,190.0,180.0,0.0,0.0,0.0,0.0,0.0
369,9,9,190.0,190.0,0.0,0.0,0.0,0.0,0.0
370,9,10,190.0,200.0,0.0,0.0,0.0,0.0,0.0
371,9,11,190.0,210.0,0.0,0.0,0.0,0.0,0.0
372,9,12,190.0,220.0,0.0,0.0,0.0,0.0,0.0
373,9,13,190.0,230.0,0.0,0.0,0.0,0.0,0.0
374,9,14,190.0,240.0,0.0,0.0,0.0,0.0,0.0
375,9,15,190.0,250.0,0.0,0.0,0.0,0.0,0.0
376,9,16,190.0,260.0,0.0,0.0,0.0,0.0,0.0
377,9,17,190.0,270.0,0.0,0.0,0.0,0.0,0.0
378,9,18,190.0,280.0,0.0,0.0,0.0,0.0,0.0
379,9,19,190.0,290.0,0.0,0.0,0.0,0.0,0.0
380,9,20,190.0,300.0,0.0,0.0,0.0,0.0,0.0
381,9,21,190.0,310.0,0.0,0.0,0.0,0.0,0.0
382,9,22,190.0,320.0,0.0,0.0,0.0,0.0,0.0
383,9,23,190.0,330.0,0.0,0.0,0.0,0.0,0.0
384,9,24,190.0,340.0,0.0,0.0,0.0,0.0,0.0
385,9,25,190.0,350.0,0.0,0.0,0.0,0.0,0.0
386,9,26,190.0,360.0,0.0,0.0,0.0,0.0,0.0
387,9,27,190.0,370.0,0.0,0.0,0.0,0.0,0.0
388,9,28,190.0,380.0,0.0,0.0,0.0,0.0,0.0
389,9,29,190.0,390.0,0.0,0.0,0.0,0.0,0.0
390,9,30,190.0,400.0,0.0,0.0,0.0,0.0,0.0
391,9,31,190.0,410.0,0.0,0.0,0.0,0.0,0.0
392,9,32,190.0,420.0,0.0,0.0,0.0,0.0,0.0
393,9,33,190.0,430.0,0.0,0.0,0.0,0.0,0.0
394,9,34,190.0,440.0,0.0,0.0,0.0,0.0,0.0
395,9,35,190.0,450.0,0.0,0.0,0.0,0.0,0.0
396,9,36,190.0,460.0,0.0,0.0,0.0,0.0,0.0
397,9,37,190.0,470.0,0.0,0.0,0.0,0.0,0.0
398,9,38,190.0,480.0,0.0,0.0,0.0,0.0,0.0
399,9,39,190.0,490.0,0.0,0.0,0.0,0.0,0.0
400,10,0,200.0,100.0,0.0,0.0,0.0,0.0,0.0
401,10,1,200.0,110.0,0.0,0.0,0.0,0.0,0.0
402,10,2,200.0,120.0,0.0,0.0,0.0,0.0,0.0
403,10,3,200.0,130.0,0.0,0.0,0.0,0.0,0.0
404,10,4,200.0,140.0,0.0,0.0,0.0,0.0,0.0
405,10,5,200.0,150.0,0.0,0.0,0.0,0.0,0.0
406,10,6,200.0,160.0,0.0,0.0,0.0,0.0,0.0
407,10,7,200.0,170.0,0.0,0.0,0.0,0.0,0.0
408,10,8,200.0,180.0,0.0,0.0,0.0,0.0,0.0
409,10,9,200.0,190.0,0.0,0.0,0.0,0.0,0.0
410,10,10,200.0,200.0,0.0,0.0,0.0,0.0,0.0
411,10,11,200.0,210.0,0.0,0.0,0.0,0.0,0.0
412,10,12,200.0,220.0,0.0,0.0,0.0,0.0,0.0
413,10,13,200.0,230.0,0.0,0.0,0.0,0.0,0.0
414,10,14,200.0,240.0,0.0,0.0,0.0,0.0,0.0
415,10,15,200.0,250.0,0.0,0.0,0.0,0.0,0.0
416,10,16,200.0,260.0,0.0,0.0,0.0,0.0,0.0
417,10,17,200.0,270.0,0.0,0.0,0.0,0.0,0.0
418,10,18,200.0,280.0,0.0,0.0,0.0,0.0,0.0
419,10,19,200.0,290.0,0.0,0.0,0.0,0.0,0.0
420,10,20,200.0,300.0,0.0,0.0,0.0,0.0,0.0
421,10,21,200.0,310.0,0.0,0.0,0.0,0.0,0.0
422,10,22,200.0,320.0,0.0,0.0,0.0,0.0,0.0
423,10,23,200.0,330.0,0.0,0.0,0.0,0.0,0.0
424,10,24,200.0,340.0,0.0,0.0,0.0,0.0,0.0
425,10,25,200.0,350.0,0.0,0.0,0.0,0.0,0.0
426,10,26,200.0,360.0,0.0,0.0,0.0,0.0,0.0
427,10,27,200.0,370.0,0.0,0.0,0.0,0.0,0.0
428,10,28,200.0,380.0,0.0,0.0,0.0,0.0,0.0
429,10,29,200.0,390.0,0.0,0.0,0.0,0.0,0.0
430,10,30,200.0,400.0,0.0,0.0,0.0,0.0,0.0
431,10,31,200.0,410.0,0.0,0.0,0.0,0.0,0.0
432,10,32,200.0,420.0,0.0,0.0,0.0,0.0,0.0
433,10,33,200.0,430.0,0.0,0.0,0.0,0.0,0.0
434,10,34,200.0,440.0,0.0,0.0,0.0,0.0,0.0
435,10,35,200.0,450.0,0.0,0.0,0.0,0.0,0.0
436,10,36,200.0,460.0,0.0,0.0,0.0,0.0,0.0
437,10,37,200.0,470.0,0.0,0.0,0.0,0.0,0.0
438,10,38,200.0,480.0,0.0,0.0,0.0,0.0,0.0
439,10,39,200.0,490.0,0.0,0.0,0.0,0.0,0.0
440,11,0,210.0,100.0,0.0,0.0,0.0,0.0,0.0
441,11,1,210.0,110.0,0.0,0.0,0.0,0.0,0.0
442,11,2,210.0,120.0,0.0,0.0,0.0,0.0,0.0
443,11,3,210.0,130.0,0.0,0.0,0.0,0.0,0.0
444,11,4,210.0,140.0,0.0,0.0,0.0,0.0,0.0
445,11,5,210.0,150.0,0.0,0.0,0.0,0.0,0.0
446,11,6,210.0,160.0,0.0,0.0,0.0,0.0,0.0
447,11,7,210.0,170.0,0.0,0.0,0.0,0.0,0.0
448,11,8,210.0,180.0,0.0,0.0,0.0,0.0,0.0
449,11,9,210.0,190.0,0.0,0.0,0.0,0.0,0.0
450,11,10,210.0,200.0,0.0,0.0,0.0,0.0,0.0
451,11,11,210.0,210.0,0.0,0.0,0.0,0.0,0.0
452,11,12,210.0,220.0,0.0,0.0,0.0,0.0,0.0
453,11,13,210.0,230.0,0.0,0.0,0.0,0.0,0.0
454,11,14,210.0,240.0,0.0,0.0,0.0,0.0,0.0
455,11,15,210.0,250.0,0.0,0.0,0.0,0.0,0.0
456,11,16,210.0,260.0,0.0,0.0,0.0,0.0,0.0
457,11,17,210.0,270.0,0.0,0.0,0.0,0.0,0.0
458,11,18,210.0,280.0,0.0,0.0,0.0,0.0,0.0
459,11,19,210.0,290.0,0.0,0.0,0.0,0.0,0.0
460,11,20,210.0,300.0,0.0,0.0,0.0,0.0,0.0
461,11,21,210.0,310.0,0.0,0.0,0.0,0.0,0.0
462,11,22,210.0,320.0,0.0,0.0,0.0,0.0,0.0
463,11,23,210.0,330.0,0.0,0.0,0.0,0.0,0.0
464,11,24,210.0,340.0,0.0,0.0,0.0,0.0,0.0
465,11,25,210.0,350.0,0.0,0.0,0.0,0.0,0.0
466,11,26,210.0,360.0,0.0,0.0,0.0,0.0,0.0
467,11,27,210.0,370.0,0.0,0.0,0.0,0.0,0.0
468,11,28,210.0,380.0,0.0,0.0,0.0,0.0,0.0
469,11,29,210.0,390.0,0.0,0.0,0.0,0.0,0.0
470,11,30,210.0,400.0,0.0,0.0,0.0,0.0,0.0
471,11,31,210.0,410.0,0.0,0.0,0.0,0.0,0.0
472,11,32,210.0,420.0,0.0,0.0,0.0,0.0,0.0
473,11,33,210.0,430.0,0.0,0.0,0.0,0.0,0.0
474,11,34,210.0,440.0,0.0,0.0,0.0,0.0,0.0
475,11,35,210.0,450.0,0.0,0.0,0.0,0.0,0.0
476,11,36,210.0,460.0,0.0,0.0,0.0,0.0,0.0
477,11,37,210.0,470.0,0.0,0.0,0.0,0.0,0.0
478,11,38,210.0,480.0,0.0,0.0,0.0,0.0,0.0
479,11,39,210.0,490.0,0.0,0.0,0.0,0.0,0.0
480,12,0,220.0,100.0,0.0,0.0,0.0,0.0,0.0
481,12,1,220.0,110.0,0.0,0.0,0.0,0.0,0.0
482,12,2,220.0,120.0,0.0,0.0,0.0,0.0,0.0
483,12,3,220.0,130.0,0.0,0.0,0.0,0.0,0.0
484,12,4,220.0,140.0,0.0,0.0,0.0,0.0,0.0
485,12,5,220.0,150.0,0.0,0.0,0.0,0.0,0.0
486,12,6,220.0,160.0,0.0,0.0,0.0,0.0,0.0
487,12,7,220.0,170.0,0.0,0.0,0.0,0.0,0.0
488,12,8,220.0,180.0,0.0,0.0,0.0,0.0,0.0
489,12,9,220.0,190.0,0.0,0.0,0.0,0.0,0.0
490,12,10,220.0,200.0,0.0,0.0,0.0,0.0,0.0
491,12,11,220.0,210.0,0.0,0.0,0.0,0.0,0.0
492,12,12,220.0,220.0,0.0,0.0,0.0,0.0,0.0
493,12,13,220.0,230.0,0.0,0.0,0.0,0.0,0.0
494,12,14,220.0,240.0,0.0,0.0,0.0,0.0,0.0
495,12,15,220.0,250.0,0.0,0.0,0.0,0.0,0.0
496,12,16,220.0,260.0,0.0,0.0,0.0,0.0,0.0
497,12,17,220.0,270.0,0.0,0.0,0.0,0.0,0.0
498,12,18,220.0,280.0,0.0,0.0,0.0,0.0,0.0
499,12,19,220.0,290.0,0.0,0.0,0.0,0.0,0.0
500,12,20,220.0,300.0,0.0,0.0,0.0,0.0,0.0
501,12,21,220.0,310.0,0.0,0.0,0.0,0.0,0.0
502,12,22,220.0,320.0,0.0,0.0,0.0,0.0,0.0
503,12,23,220.0,330.0,0.0,0.0,0.0,0.0,0.0
504,12,24,220.0,340.0,0.0,0.0,0.0,0.0,0.0
505,12,25,220.0,350.0,0.0,0.0,0.0,0.0,0.0
506,12,26,220.0,360.0,0.0,0.0,0.0,0.0,0.0
507,12,27,220.0,370.0,0.0,0.0,0.0,0.0,0.0
508,12,28,220.0,380.0,0.0,0.0,0.0,0.0,0.0
509,12,29,220.0,390.0,0.0,0.0,0.0,0.0,0.0
510,12,30,220.0,400.0,0.0,0.0,0.0,0.0,0.0
511,12,31,220.0,410.0,0.0,0.0,0.0,0.0,0.0
512,12,32,220.0,420.0,0.0,0.0,0.0,0.0,0.0
513,12,33,220.0,430.0,0.0,0.0,0.0,0.0,0.0
514,12,34,220.0,440.0,0.0,0.0,0.0,0.0,0.0
515,12,35,220.0,450.0,0.0,0.0,0.0,0.0,0.0
516,12,36,220.0,460.0,0.0,0.0,0.0,0.0,0.0
517,12,37,220.0,470.0,0.0,0.0,0.0,0.0,0.0
518,12,38,220.0,480.0,0.0,0.0,0.0,0.0,0.0
519,12,39,220.0,490.0,0.0,0.0,0.0,0.0,0.0
520,13,0,230.0,100.0,0.0,0.0,0.0,0.0,0.0
521,13,1,230.0,110.0,0.0,0.0,0.0,0.0,0.0
522,13,2,230.0,120.0,0.0,0.0,0.0,0.0,0.0
523,13,3,230.0,130.0,0.0,0.0,0.0,0.0,0.0
524,13,4,230.0,140.0,0.0,0.0,0.0,0.0,0.0
525,13,5,230.0,150.0,0.0,0.0,0.0,0.0,0.0
526,13,6,230.0,160.0,0.0,0.0,0.0,0.0,0.0
527,13,7,230.0,170.0,0.0,0.0,0.0,0.0,0.0
528,13,8,230.0,180.0,0.0,0.0,0.0,0.0,0.0
529,13,9,230.0,190.0,0.0,0.0,0.0,0.0,0.0
530,13,10,230.0,200.0,0.0,0.0,0.0,0.0,0.0
531,13,11,230.0,210.0,0.0,0.0,0.0,0.0,0.0
532,13,12,230.0,220.0,0.0,0.0,0.0,0.0,0.0
533,13,13,230.0,230.0,0.0,0.0,0.0,0.0,0.0
534,13,14,230.0,240.0,0.0,0.0,0.0,0.0,0.0
535,13,15,230.0,250.0,0.0,0.0,0.0,0.0,0.0
536,13,16,230.0,260.0,0.0,0.0,0.0,0.0,0.0
537,13,17,230.0,270.0,0.0,0.0,0.0,0.0,0.0
538,13,18,230.0,280.0,0.0,0.0,0.0,0.0,0.0
539,13,19,230.0,290.0,0.0,0.0,0.0,0.0,0.0
540,13,20,230.0,300.0,0.0,0.0,0.0,0.0,0.0
541,13,21,230.0,310.0,0.0,0.0,0.0,0.0,0.0
542,13,22,230.0,320.0,0.0,0.0,0.0,0.0,0.0
543,13,23,230.0,330.0,0.0,0.0,0.0,0.0,0.0
544,13,24,230.0,340.0,0.0,0.0,0.0,0.0,0.0
545,13,25,230.0,350.0,0.0,0.0,0.0,0.0,0.0
546,13,26,230.0,360.0,0.0,0.0,0.0,0.0,0.0
547,13,27,230.0,370.0,0.0,0.0,0.0,0.0,0.0
548,13,28,230.0,380.0,0.0,0.0,0.0,0.0,0.0
549,13,29,230.0,390.0,0.0,0.0,0.0,0.0,0.0
550,13,30,230.0,400.0,0.0,0.0,0.0,0.0,0.0
551,13,31,230.0,410.0,0.0,0.0,0.0,0.0,0.0
552,13,32,230.0,420.0,0.0,0.0,0.0,0.0,0.0
553,13,33,230.0,430.0,0.0,0.0,0.0,0.0,0.0
554,13,34,230.0,440.0,0.0,0.0,0.0,0.0,0.0
555,13,35,230.0,450.0,0.0,0.0,0.0,0.0,0.0
556,13,36,230.0,460.0,0.0,0.0,0.0,0.0,0.0
557,13,37,230.0,470.0,0.0,0.0,0.0,0.0,0.0
558,13,38,230.0,480.0,0.0,0.0,0.0,0.0,0.0
559,13,39,230.0,490.0,0.0,0.0,0.0,0.0,0.0
560,14,0,240.0,100.0,0.0,0.0,0.0,0.0,0.0
561,14,1,240.0,110.0,0.0,0.0,0.0,0.0,0.0
562,14,2,240.0,120.0,0.0,0.0,0.0,0.0,0.0
563,14,3,240.0,130.0,0.0,0.0,0.0,0.0,0.0
564,14,4,240.0,140.0,0.0,0.0,0.0,0.0,0.0
565,14,5,240.0,150.0,0.0,0.0,0.0,0.0,0.0
566,14,6,240.0,160.0,0.0,0.0,0.0,0.0,0.0
567,14,7,240.0,170.0,0.0,0.0,0.0,0.0,0.0
568,14,8,240.0,180.0,0.0,0.0,0.0,0.0,0.0
569,14,9,240.0,190.0,0.0,0.0,0.0,0.0,0.0
570,14,10,240.0,200.0,0.0,0.0,0.0,0.0,0.0
571,14,11,240.0,210.0,0.0,0.0,0.0,0.0,0.0
572,14,12,240.0,220.0,0.0,0.0,0.0,0.0,0.0
573,14,13,240.0,230.0,0.0,0.0,0.0,0.0,0.0
574,14,14,240.0,240.0,0.0,0.0,0.0,0.0,0.0
575,14,15,240.0,250.0,0.0,0.0,0.0,0.0,0.0
576,14,16,240.0,260.0,0.0,0.0,0.0,0.0,0.0
577,14,17,240.0,270.0,0.0,0.0,0.0,0.0,0.0
578,14,18,240.0,280.0,0.0,0.0,0.0,0.0,0.0
579,14,19,240.0,290.0,0.0,0.0,0.0,0.0,0.0
580,14,20,240.0,300.0,0.0,0.0,0.0,0.0,0.0
581,14,21,240.0,310.0,0.0,0.0,0.0,0.0,0.0
582,14,22,240.0,320.0,0.0,0.0,0.0,0.0,0.0
583,14,23,240.0,330.0,0.0,0.0,0.0,0.0,0.0
584,14,24,240.0,340.0,0.0,0.0,0.0,0.0,0.0
585,14,25,240.0,350.0,0.0,0.0,0.0,0.0,0.0
586,14,26,240.0,360.0,0.0,0.0,0.0,0.0,0.0
587,14,27,240.0,370.0,0.0,0.0,0.0,0.0,0.0
588,14,28,240.0,380.0,0.0,0.0,0.0,0.0,0.0
589,14,29,240.0,390.0,0.0,0.0,0.0,0.0,0.0
590,14,30,240.0,400.0,0.0,0.0,0.0,0.0,0.0
591,14,31,240.0,410.0,0.0,0.0,0.0,0.0,0.0
592,14,32,240.0,420.0,0.0,0.0,0.0,0.0,0.0
593,14,33,240.0,430.0,0.0,0.0,0.0,0.0,0.0
594,14,34,240.0,440.0,0.0,0.0,0.0,0.0,0.0
595,14,35,240.0,450.0,0.0,0.0,0.0,0.0,0.0
596,14,36,240.0,460.0,0.0,0.0,0.0,0.0,0.0
597,14,37,240.0,470.0,0.0,0.0,0.0,0.0,0.0
598,14,38,240.0,480.0,0.0,0.0,0.0,0.0,0.0
599,14,39,240.0,490.0,0.0,0.0,0.0,0.0,0.0
600,15,0,250.0,100.0,0.0,0.0,0.0,0.0,0.0
601,15,1,250.0,110.0,0.0,0.0,0.0,0.0,0.0
602,15,2,250.0,120.0,0.0,0.0,0.0,0.0,0.0
603,15,3,250.0,130.0,0.0,0.0,0.0,0.0,0.0
604,15,4,250.0,140.0,0.0,0.0,0.0,0.0,0.0
605,15,5,250.0,150.0,0.0,0.0,0.0,0.0,0.0
606,15,6,250.0,160.0,0.0,0.0,0.0,0.0,0.0
607,15,7,250.0,170.0,0.0,0.0,0.0,0.0,0.0
608,15,8,250.0,180.0,0.0,0.0,0.0,0.0,0.0
609,15,9,250.0,190.0,0.0,0.0,0.0,0.0,0.0
610,15,10,250.0,200.0,0.0,0.0,0.0,0.0,0.0
611,15,11,250.0,210.0,0.0,0.0,0.0,0.0,0.0
612,15,12,250.0,220.0,0.0,0.0,0.0,0.0,0.0
613,15,13,250.0,230.0,0.0,0.0,0.0,0.0,0.0
614,15,14,250.0,240.0,0.0,0.0,0.0,0.0,0.0
615,15,15,250.0,250.0,0.0,0.0,0.0,0.0,0.0
616,15,16,250.0,260.0,0.0,0.0,0.0,0.0,0.0
617,15,17,250.0,270.0,0.0,0.0,0.0,0.0,0.0
618,15,18,250.0,280.0,0.0,0.0,0.0,0.0,0.0
619,15,19,250.0,290.0,0.0,0.0,0.0,0.0,0.0
620,15,20,250.0,300.0,0.0,0.0,0.0,0.0,0.0
621,15,21,250.0,310.0,0.0,0.0,0.0,0.0,0.0
622,15,22,250.0,320.0,0.0,0.0,0.0,0.0,0.0
623,15,23,250.0,330.0,0.0,0.0,0.0,0.0,0.0
624,15,24,250.0,340.0,0.0,0.0,0.0,0.0,0.0
625,15,25,250.0,350.0,0.0,0.0,0.0,0.0,0.0
626,15,26,250.0,360.0,0.0,0.0,0.0,0.0,0.0
627,15,27,250.0,370.0,0.0,0.0,0.0,0.0,0.0
628,15,28,250.0,380.0,0.0,0.0,0.0,0.0,0.0
629,15,29,250.0,390.0,0.0,0.0,0.0,0.0,0.0
630,15,30,250.0,400.0,0.0,0.0,0.0,0.0,0.0
631,15,31,250.0,410.0,0.0,0.0,0.0,0.0,0.0
632,15,32,250.0,420.0,0.0,0.0,0.0,0.0,0.0
633,15,33,250.0,430.0,0.0,0.0,0.0,0.0,0.0
634,15,34,250.0,440.0,0.0,0.0,0.0,0.0,0.0
635,15,35,250.0,450.0,0.0,0.0,0.0,0.0,0.0
636,15,36,250.0,460.0,0.0,0.0,0.0,0.0,0.0
637,15,37,250.0,470.0,0.0,0.0,0.0,0.0,0.0
638,15,38,250.0,480.0,0.0,0.0,0.0,0.0,0.0
639,15,39,250.0,490.0,0.0,0.0,0.0,0.0,0.0
640,16,0,260.0,100.0,0.0,0.0,0.0,0.0,0.0
641,16,1,260.0,110.0,0.0,0.0,0.0,0.0,0.0
642,16,2,260.0,120.0,0.0,0.0,0.0,0.0,0.0
643,16,3,260.0,130.0,0.0,0.0,0.0,0.0,0.0
644,16,4,260.0,140.0,0.0,0.0,0.0,0.0,0.0
645,16,5,260.0,150.0,0.0,0.0,0.0,0.0,0.0
646,16,6,260.0,160.0,0.0,0.0,0.0,0.0,0.0
647,16,7,260.0,170.0,0.0,0.0,0.0,0.0,0.0
648,16,8,260.0,180.0,0.0,0.0,0.0,0.0,0.0
649,16,9,260.0,190.0,0.0,0.0,0.0,0.0,0.0
650,16,10,260.0,200.0,0.0,0.0,0.0,0.0,0.0
651,16,11,260.0,210.0,0.0,0.0,0.0,0.0,0.0
652,16,12,260.0,220.0,0.0,0.0,0.0,0.0,0.0
653,16,13,260.0,230.0,0.0,0.0,0.0,0.0,0.0
654,16,14,260.0,240.0,0.0,0.0,0.0,0.0,0.0
655,16,15,260.0,250.0,0.0,0.0,0.0,0.0,0.0
656,16,16,260.0,260.0,0.0,0.0,0.0,0.0,0.0
657,16,17,260.0,270.0,0.0,0.0,0.0,0.0,0.0
658,16,18,260.0,280.0,0.0,0.0,0.0,0.0,0.0
659,16,19,260.0,290.0,0.0,0.0,0.0,0.0,0.0
660,16,20,260.0,300.0,0.0,0.0,0.0,0.0,0.0
661,16,21,260.0,310.0,0.0,0.0,0.0,0.0,0.0
662,16,22,260.0,320.0,0.0,0.0,0.0,0.0,0.0
663,16,23,260.0,330.0,0.0,0.0,0.0,0.0,0.0
664,16,24,260.0,340.0,0.0,0.0,0.0,0.0,0.0
665,16,25,260.0,350.0,0.0,0.0,0.0,0.0,0.0
666,16,26,260.0,360.0,0.0,0.0,0.0,0.0,0.0
667,16,27,260.0,370.0,0.0,0.0,0.0,0.0,0.0
668,16,28,260.0,380.0,0.0,0.0,0.0,0.0,0.0
669,16,29,260.0,390.0,0.0,0.0,0.0,0.0,0.0
670,16,30,260.0,400.0,0.0,0.0,0.0,0.0,0.0
671,16,31,260.0,410.0,0.0,0.0,0.0,0.0,0.0
672,16,32,260.0,420.0,0.0,0.0,0.0,0.0,0.0
673,16,33,260.0,430.0,0.0,0.0,0.0,0.0,0.0
674,16,34,260.0,440.0,0.0,0.0,0.0,0.0,0.0
675,16,35,260.0,450.0,0.0,0.0,0.0,0.0,0.0
676,16,36,260.0,460.0,0.0,0.0,0.0,0.0,0.0
677,16,37,260.0,470.0,0.0,0.0,0.0,0.0,0.0
678,16,38,260.0,480.0,0.0,0.0,0.0,0.0,0.0
679,16,39,260.0,490.0,0.0,0.0,0.0,0.0,0.0
680,17,0,270.0,100.0,0.0,0.0,0.0,0.0,0.0
681,17,1,270.0,110.0,0.0,0.0,0.0,0.0,0.0
682,17,2,270.0,120.0,0.0,0.0,0.0,0.0,0.0
683,17,3,270.0,130.0,0.0,0.0,0.0,0.0,0.0
684,17,4,270.0,140.0,0.0,0.0,0.0,0.0,0.0
685,17,5,270.0,150.0,0.0,0.0,0.0,0.0,0.0
686,17,6,270.0,160.0,0.0,0.0,0.0,0.0,0.0
687,17,7,270.0,170.0,0.0,0.0,0.0,0.0,0.0
688,17,8,270.0,180.0,0.0,0.0,0.0,0.0,0.0
689,17,9,270.0,190.0,0.0,0.0,0.0,0.0,0.0
690,17,10,270.0,200.0,0.0,0.0,0.0,0.0,0.0
691,17,11,270.0,210.0,0.0,0.0,0.0,0.0,0.0
692,17,12,270.0,220.0,0.0,0.0,0.0,0.0,0.0
693,17,13,270.0,230.0,0.0,0.0,0.0,0.0,0.0
694,17,14,270.0,240.0,0.0,0.0,0.0,0.0,0.0
695,17,15,270.0,250.0,0.0,0.0,0.0,0.0,0.0
696,17,16,270.0,260.0,0.0,0.0,0.0,0.0,0.0
697,17,17,270.0,270.0,0.0,0.0,0.0,0.0,0.0
698,17,18,270.0,280.0,0.0,0.0,0.0,0.0,0.0
699,17,19,270.0,290.0,0.0,0.0,0.0,0.0,0.0
700,17,20,270.0,300.0,0.0,0.0,0.0,0.0,0.0
701,17,21,270.0,310.0,0.0,0.0,0.0,0.0,0.0
702,17,22,270.0,320.0,0.0,0.0,0.0,0.0,0.0
703,17,23,270.0,330.0,0.0,0.0,0.0,0.0,0.0
704,17,24,270.0,340.0,0.0,0.0,0.0,0.0,0.0
705,17,25,270.0,350.0,0.0,0.0,0.0,0.0,0.0
706,17,26,270.0,360.0,0.0,0.0,0.0,0.0,0.0
707,17,27,270.0,370.0,0.0,0.0,0.0,0.0,0.0
708,17,28,270.0,380.0,0.0,0.0,0.0,0.0,0.0
709,17,29,270.0,390.0,0.0,0.0,0.0,0.0,0.0
710,17,30,270.0,400.0,0.0,0.0,0.0,0.0,0.0
711,17,31,270.0,410.0,0.0,0.0,0.0,0.0,0.0
712,17,32,270.0,420.0,0.0,0.0,0.0,0.0,0.0
713,17,33,270.0,430.0,0.0,0.0,0.0,0.0,0.0
714,17,34,270.0,440.0,0.0,0.0,0.0,0.0,0.0
715,17,35,270.0,450.0,0.0,0.0,0.0,0.0,0.0
716,17,36,270.0,460.0,0.0,0.0,0.0,0.0,0.0
717,17,37,270.0,470.0,0.0,0.0,0.0,0.0,0.0
718,17,38,270.0,480.0,0.0,0.0,0.0,0.0,0.0
719,17,39,270.0,490.0,0.0,0.0,0.0,0.0,0.0
720,18,0,280.0,100.0,0.0,0.0,0.0,0.0,0.0
721,18,1,280.0,110.0,0.0,0.0,0.0,0.0,0.0
722,18,2,280.0,120.0,0.0,0.0,0.0,0.0,0.0
723,18,3,280.0,130.0,0.0,0.0,0.0,0.0,0.0
724,18,4,280.0,140.0,0.0,0.0,0.0,0.0,0.0
725,18,5,280.0,150.0,0.0,0.0,0.0,0.0,0.0
726,18,6,280.0,160.0,0.0,0.0,0.0,0.0,0.0
727,18,7,280.0,170.0,0.0,0.0,0.0,0.0,0.0
728,18,8,280.0,180.0,0.0,0.0,0.0,0.0,0.0
729,18,9,280.0,190.0,0.0,0.0,0.0,0.0,0.0
730,18,10,280.0,200.0,0.0,0.0,0.0,0.0,0.0
731,18,11,280.0,210.0,0.0,0.0,0.0,0.0,0.0
732,18,12,280.0,220.0,0.0,0.0,0.0,0.0,0.0
733,18,13,280.0,230.0,0.0,0.0,0.0,0.0,0.0
734,18,14,280.0,240.0,0.0,0.0,0.0,0.0,0.0
735,18,15,280.0,250.0,0.0,0.0,0.0,0.0,0.0
736,18,16,280.0,260.0,0.0,0.0,0.0,0.0,0.0
737,18,17,280.0,270.0,0.0,0.0,0.0,0.0,0.0
738,18,18,280.0,280.0,0.0,0.0,0.0,0.0,0.0
739,18,19,280.0,290.0,0.0,0.0,0.0,0.0,0.0
740,18,20,280.0,300.0,0.0,0.0,0.0,0.0,0.0
741,18,21,280.0,310.0,0.0,0.0,0.0,0.0,0.0
742,18,22,280.0,320.0,0.0,0.0,0.0,0.0,0.0
743,18,23,280.0,330.0,0.0,0.0,0.0,0.0,0.0
744,18,24,280.0,340.0,0.0,0.0,0.0,0.0,0.0
745,18,25,280.0,350.0,0.0,0.0,0.0,0.0,0.0
746,18,26,280.0,360.0,0.0,0.0,0.0,0.0,0.0
747,18,27,280.0,370.0,0.0,0.0,0.0,0.0,0.0
748,18,28,280.0,380.0,0.0,0.0,0.0,0.0,0.0
749,18,29,280.0,390.0,0.0,0.0,0.0,0.0,0.0
750,18,30,280.0,400.0,0.0,0.0,0.0,0.0,0.0
751,18,31,280.0,410.0,0.0,0.0,0.0,0.0,0.0
752,18,32,280.0,420.0,0.0,0.0,0.0,0.0,0.0
753,18,33,280.0,430.0,0.0,0.0,0.0,0.0,0.0
754,18,34,280.0,440.0,0.0,0.0,0.0,0.0,0.0
755,18,35,280.0,450.0,0.0,0.0,0.0,0.0,0.0
756,18,36,280.0,460.0,0.0,0.0,0.0,0.0,0.0
757,18,37,280.0,470.0,0.0,0.0,0.0,0.0,0.0
758,18,38,280.0,480.0,0.0,0.0,0.0,0.0,0.0
759,18,39,280.0,490.0,0.0,0.0,0.0,0.0,0.0
760,19,0,290.0,100.0,0.0,0.0,0.0,0.0,0.0
761,19,1,290.0,110.0,0.0,0.0,0.0,0.0,0.0
762,19,2,290.0,120.0,0.0,0.0,0.0,0.0,0.0
763,19,3,290.0,130.0,0.0,0.0,0.0,0.0,0.0
764,19,4,290.0,140.0,0.0,0.0,0.0,0.0,0.0
765,19,5,290.0,150.0,0.0,0.0,0.0,0.0,0.0
766,19,6,290.0,160.0,0.0,0.0,0.0,0.0,0.0
767,19,7,290.0,170.0,0.0,0.0,0.0,0.0,0.0
768,19,8,290.0,180.0,0.0,0.0,0.0,0.0,0.0
769,19,9,290.0,190.0,0.0,0.0,0.0,0.0,0.0
770,19,10,290.0,200.0,0.0,0.0,0.0,0.0,0.0
771,19,11,290.0,210.0,0.0,0.0,0.0,0.0,0.0
772,19,12,290.0,220.0,0.0,0.0,0.0,0.0,0.0
773,19,13,290.0,230.0,0.0,0.0,0.0,0.0,0.0
774,19,14,290.0,240.0,0.0,0.0,0.0,0.0,0.0
775,19,15,290.0,250.0,0.0,0.0,0.0,0.0,0.0
776,19,16,290.0,260.0,0.0,0.0,0.0,0.0,0.0
777,19,17,290.0,270.0,0.0,0.0,0.0,0.0,0.0
778,19,18,290.0,280.0,0.0,0.0,0.0,0.0,0.0
779,19,19,290.0,290.0,0.0,0.0,0.0,0.0,0.0
780,19,20,290.0,300.0,0.0,0.0,0.0,0.0,0.0
781,19,21,290.0,310.0,0.0,0.0,0.0,0.0,0.0
782,19,22,290.0,320.0,0.0,0.0,0.0,0.0,0.0
783,19,23,290.0,330.0,0.0,0.0,0.0,0.0,0.0
784,19,24,290.0,340.0,0.0,0.0,0.0,0.0,0.0
785,19,25,290.0,350.0,0.0,0.0,0.0,0.0,0.0
786,19,26,290.0,360.0,0.0,0.0,0.0,0.0,0.0
787,19,27,290.0,370.0,0.0,0.0,0.0,0.0,0.0
788,19,28,290.0,380.0,0.0,0.0,0.0,0.0,0.0
789,19,29,290.0,390.0,0.0,0.0,0.0,0.0,0.0
790,19,30,290.0,400.0,0.0,0.0,0.0,0.0,0.0
791,19,31,290.0,410.0,0.0,0.0,0.0,0.0,0.0
792,19,32,290.0,420.0,0.0,0.0,0.0,0.0,0.0
793,19,33,290.0,430.0,0.0,0.0,0.0,0.0,0.0
794,19,34,290.0,440.0,0.0,0.0,0.0,0.0,0.0
795,19,35,290.0,450.0,0.0,0.0,0.0,0.0,0.0
796,19,36,290.0,460.0,0.0,0.0,0.0,0.0,0.0
797,19,37,290.0,470.0,0.0,0.0,0.0,0.0,0.0
798,19,38,290.0,480.0,0.0,0.0,0.0,0.0,0.0
799,19,39,290.0,490.0,0.0,0.0,0.0,0.0,0.0
800,20,0,300.0,100.0,0.0,0.0,0.0,0.0,0.0
801,20,1,300.0,110.0,0.0,0.0,0.0,0.0,0.0
802,20,2,300.0,120.0,0.0,0.0,0.0,0.0,0.0
803,20,3,300.0,130.0,0.0,0.0,0.0,0.0,0.0
804,20,4,300.0,140.0,0.0,0.0,0.0,0.0,0.0
805,20,5,300.0,150.0,0.0,0.0,0.0,0.0,0.0
806,20,6,300.0,160.0,0.0,0.0,0.0,0.0,0.0
807,20,7,300.0,170.0,0.0,0.0,0.0,0.0,0.0
808,20,8,300.0,180.0,0.0,0.0,0.0,0.0,0.0
809,20,9,300.0,190.0,0.0,0.0,0.0,0.0,0.0
810,20,10,300.0,200.0,0.0,0.0,0.0,0.0,0.0
811,20,11,300.0,210.0,0.0,0.0,0.0,0.0,0.0
812,20,12,300.0,220.0,0.0,0.0,0.0,0.0,0.0
813,20,13,300.0,230.0,0.0,0.0,0.0,0.0,0.0
814,20,14,300.0,240.0,0.0,0.0,0.0,0.0,0.0
815,20,15,300.0,250.0,0.0,0.0,0.0,0.0,0.0
816,20,16,300.0,260.0,0.0,0.0,0.0,0.0,0.0
817,20,17,300.0,270.0,0.0,0.0,0.0,0.0,0.0
818,20,18,300.0,280.0,0.0,0.0,0.0,0.0,0.0
819,20,19,300.0,290.0,0.0,0.0,0.0,0.0,0.0
820,20,20,300.0,300.0,0.0,0.0,0.0,0.0,0.0
821,20,21,300.0,310.0,0.0,0.0,0.0,0.0,0.0
822,20,22,300.0,320.0,0.0,0.0,0.0,0.0,0.0
823,20,23,300.0,330.0,0.0,0.0,0.0,0.0,0.0
824,20,24,300.0,340.0,0.0,0.0,0.0,0.0,0.0
825,20,25,300.0,350.0,0.0,0.0,0.0,0.0,0.0
826,20,26,300.0,360.0,0.0,0.0,0.0,0.0,0.0
827,20,27,300.0,370.0,0.0,0.0,0.0,0.0,0.0
828,20,28,300.0,380.0,0.0,0.0,0.0,0.0,0.0
829,20,29,300.0,390.0,0.0,0.0,0.0,0.0,0.0
830,20,30,300.0,400.0,0.0,0.0,0.0,0.0,0.0
831,20,31,300.0,410.0,0.0,0.0,0.0,0.0,0.0
832,20,32,300.0,420.0,0.0,0.0,0.0,0.0,0.0
833,20,33,300.0,430.0,0.0,0.0,0.0,0.0,0.0
834,20,34,300.0,440.0,0.0,0.0,0.0,0.0,0.0
835,20,35,300.0,450.0,0.0,0.0,0.0,0.0,0.0
836,20,36,300.0,460.0,0.0,0.0,0.0,0.0,0.0
837,20,37,300.0,470.0,0.0,0.0,0.0,0.0,0.0
838,20,38,300.0,480.0,0.0,0.0,0.0,0.0,0.0
839,20,39,300.0,490.0,0.0,0.0,0.0,0.0,0.0
840,21,0,310.0,100.0,0.0,0.0,0.0,0.0,0.0
841,21,1,310.0,110.0,0.0,0.0,0.0,0.0,0.0
842,21,2,310.0,120.0,0.0,0.0,0.0,0.0,0.0
843,21,3,310.0,130.0,0.0,0.0,0.0,0.0,0.0
844,21,4,310.0,140.0,0.0,0.0,0.0,0.0,0.0
845,21,5,310.0,150.0,0.0,0.0,0.0,0.0,0.0
846,21,6,310.0,160.0,0.0,0.0,0.0,0.0,0.0
847,21,7,310.0,170.0,0.0,0.0,0.0,0.0,0.0
848,21,8,310.0,180.0,0.0,0.0,0.0,0.0,0.0
849,21,9,310.0,190.0,0.0,0.0,0.0,0.0,0.0
850,21,10,310.0,200.0,0.0,0.0,0.0,0.0,0.0
851,21,11,310.0,210.0,0.0,0.0,0.0,0.0,0.0
852,21,12,310.0,220.0,0.0,0.0,0.0,0.0,0.0
853,21,13,310.0,230.0,0.0,0.0,0.0,0.0,0.0
854,21,14,310.0,240.0,0.0,0.0,0.0,0.0,0.0
855,21,15,310.0,250.0,0.0,0.0,0.0,0.0,0.0
856,21,16,310.0,260.0,0.0,0.0,0.0,0.0,0.0
857,21,17,310.0,270.0,0.0,0.0,0.0,0.0,0.0
858,21,18,310.0,280.0,0.0,0.0,0.0,0.0,0.0
859,21,19,310.0,290.0,0.0,0.0,0.0,0.0,0.0
860,21,20,310.0,300.0,0.0,0.0,0.0,0.0,0.0
861,21,21,310.0,310.0,0.0,0.0,0.0,0.0,0.0
862,21,22,310.0,320.0,0.0,0.0,0.0,0.0,0.0
863,21,23,310.0,330.0,0.0,0.0,0.0,0.0,0.0
864,21,24,310.0,340.0,0.0,0.0,0.0,0.0,0.0
865,21,25,310.0,350.0,0.0,0.0,0.0,0.0,0.0
866,21,26,310.0,360.0,0.0,0.0,0.0,0.0,0.0
867,21,27,310.0,370.0,0.0,0.0,0.0,0.0,0.0
868,21,28,310.0,380.0,0.0,0.0,0.0,0.0,0.0
869,21,29,310.0,390.0,0.0,0.0,0.0,0.0,0.0
870,21,30,310.0,400.0,0.0,0.0,0.0,0.0,0.0
871,21,31,310.0,410.0,0.0,0.0,0.0,0.0,0.0
872,21,32,310.0,420.0,0.0,0.0,0.0,0.0,0.0
873,21,33,310.0,430.0,0.0,0.0,0.0,0.0,0.0
874,21,34,310.0,440.0,0.0,0.0,0.0,0.0,0.0
875,21,35,310.0,450.0,0.0,0.0,0.0,0.0,0.0
876,21,36,310.0,460.0,0.0,0.0,0.0,0.0,0.0
877,21,37,310.0,470.0,0.0,0.0,0.0,0.0,0.0
878,21,38,310.0,480.0,0.0,0.0,0.0,0.0,0.0
879,21,39,310.0,490.0,0.0,0.0,0.0,0.0,0.0
880,22,0,320.0,100.0,0.0,0.0,0.0,0.0,0.0
881,22,1,320.0,110.0,0.0,0.0,0.0,0.0,0.0
882,22,2,320.0,120.0,0.0,0.0,0.0,0.0,0.0
883,22,3,320.0,130.0,0.0,0.0,0.0,0.0,0.0
884,22,4,320.0,140.0,0.0,0.0,0.0,0.0,0.0
885,22,5,320.0,150.0,0.0,0.0,0.0,0.0,0.0
886,22,6,320.0,160.0,0.0,0.0,0.0,0.0,0.0
887,22,7,320.0,170.0,0.0,0.0,0.0,0.0,0.0
888,22,8,320.0,180.0,0.0,0.0,0.0,0.0,0.0
889,22,9,320.0,190.0,0.0,0.0,0.0,0.0,0.0
890,22,10,320.0,200.0,0.0,0.0,0.0,0.0,0.0
891,22,11,320.0,210.0,0.0,0.0,0.0,0.0,0.0
892,22,12,320.0,220.0,0.0,0.0,0.0,0.0,0.0
893,22,13,320.0,230.0,0.0,0.0,0.0,0.0,0.0
894,22,14,320.0,240.0,0.0,0.0,0.0,0.0,0.0
895,22,15,320.0,250.0,0.0,0.0,0.0,0.0,0.0
896,22,16,320.0,260.0,0.0,0.0,0.0,0.0,0.0
897,22,17,320.0,270.0,0.0,0.0,0.0,0.0,0.0
898,22,18,320.0,280.0,0.0,0.0,0.0,0.0,0.0
899,22,19,320.0,290.0,0.0,0.0,0.0,0.0,0.0
900,22,20,320.0,300.0,0.0,0.0,0.0,0.0,0.0
901,22,21,320.0,310.0,0.0,0.0,0.0,0.0,0.0
902,22,22,320.0,320.0,0.0,0.0,0.0,0.0,0.0
903,22,23,320.0,330.0,0.0,0.0,0.0,0.0,0.0
904,22,24,320.0,340.0,0.0,0.0,0.0,0.0,0.0
905,22,25,320.0,350.0,0.0,0.0,0.0,0.0,0.0
906,22,26,320.0,360.0,0.0,0.0,0.0,0.0,0.0
907,22,27,320.0,370.0,0.0,0.0,0.0,0.0,0.0
908,22,28,320.0,380.0,0.0,0.0,0.0,0.0,0.0
909,22,29,320.0,390.0,0.0,0.0,0.0,0.0,0.0
910,22,30,320.0,400.0,0.0,0.0,0.0,0.0,0.0
911,22,31,320.0,410.0,0.0,0.0,0.0,0.0,0.0
912,22,32,320.0,420.0,0.0,0.0,0.0,0.0,0.0
913,22,33,320.0,430.0,0.0,0.0,0.0,0.0,0.0
914,22,34,320.0,440.0,0.0,0.0,0.0,0.0,0.0
915,22,35,320.0,450.0,0.0,0.0,0.0,0.0,0.0
916,22,36,320.0,460.0,0.0,0.0,0.0,0.0,0.0
917,22,37,320.0,470.0,0.0,0.0,0.0,0.0,0.0
918,22,38,320.0,480.0,0.0,0.0,0.0,0.0,0.0
919,22,39,320.0,490.0,0.0,0.0,0.0,0.0,0.0
920,23,0,330.0,100.0,0.0,0.0,0.0,0.0,0.0
921,23,1,330.0,110.0,0.0,0.0,0.0,0.0,0.0
922,23,2,330.0,120.0,0.0,0.0,0.0,0.0,0.0
923,23,3,330.0,130.0,0.0,0.0,0.0,0.0,0.0
924,23,4,330.0,140.0,0.0,0.0,0.0,0.0,0.0
925,23,5,330.0,150.0,0.0,0.0,0.0,0.0,0.0
926,23,6,330.0,160.0,0.0,0.0,0.0,0.0,0.0
927,23,7,330.0,170.0,0.0,0.0,0.0,0.0,0.0
928,23,8,330.0,180.0,0.0,0.0,0.0,0.0,0.0
929,23,9,330.0,190.0,0.0,0.0,0.0,0.0,0.0
930,23,10,330.0,200.0,0.0,0.0,0.0,0.0,0.0
931,23,11,330.0,210.0,0.0,0.0,0.0,0.0,0.0
932,23,12,330.0,220.0,0.0,0.0,0.0,0.0,0.0
933,23,13,330.0,230.0,0.0,0.0,0.0,0.0,0.0
934,23,14,330.0,240.0,0.0,0.0,0.0,0.0,0.0
935,23,15,330.0,250.0,0.0,0.0,0.0,0.0,0.0
936,23,16,330.0,260.0,0.0,0.0,0.0,0.0,0.0
937,23,17,330.0,270.0,0.0,0.0,0.0,0.0,0.0
938,23,18,330.0,280.0,0.0,0.0,0.0,0.0,0.0
939,23,19,330.0,290.0,0.0,0.0,0.0,0.0,0.0
940,23,20,330.0,300.0,0.0,0.0,0.0,0.0,0.0
941,23,21,330.0,310.0,0.0,0.0,0.0,0.0,0.0
942,23,22,330.0,320.0,0.0,0.0,0.0,0.0,0.0
943,23,23,330.0,330.0,0.0,0.0,0.0,0.0,0.0
944,23,24,330.0,340.0,0.0,0.0,0.0,0.0,0.0
945,23,25,330.0,350.0,0.0,0.0,0.0,0.0,0.0
946,23,26,330.0,360.0,0.0,0.0,0.0,0.0,0.0
947,23,27,330.0,370.0,0.0,0.0,0.0,0.0,0.0
948,23,28,330.0,380.0,0.0,0.0,0.0,0.0,0.0
949,23,29,330.0,390.0,0.0,0.0,0.0,0.0,0.0
950,23,30,330.0,400.0,0.0,0.0,0.0,0.0,0.0
951,23,31,330.0,410.0,0.0,0.0,0.0,0.0,0.0
952,23,32,330.0,420.0,0.0,0.0,0.0,0.0,0.0
953,23,33,330.0,430.0,0.0,0.0,0.0,0.0,0.0
954,23,34,330.0,440.0,0.0,0.0,0.0,0.0,0.0
955,23,35,330.0,450.0,0.0,0.0,0.0,0.0,0.0
956,23,36,330.0,460.0,0.0,0.0,0.0,0.0,0.0
957,23,37,330.0,470.0,0.0,0.0,0.0,0.0,0.0
958,23,38,330.0,480.0,0.0,0.0,0.0,0.0,0.0
959,23,39,330.0,490.0,0.0,0.0,0.0,0.0,0.0
960,24,0,340.0,100.0,0.0,0.0,0.0,0.0,0.0
961,24,1,340.0,110.0,0.0,0.0,0.0,0.0,0.0
962,24,2,340.0,120.0,0.0,0.0,0.0,0.0,0.0
963,24,3,340.0,130.0,0.0,0.0,0.0,0.0,0.0
964,24,4,340.0,140.0,0.0,0.0,0.0,0.0,0.0
965,24,5,340.0,150.0,0.0,0.0,0.0,0.0,0.0
966,24,6,340.0,160.0,0.0,0.0,0.0,0.0,0.0
967,24,7,340.0,170.0,0.0,0.0,0.0,0.0,0.0
968,24,8,340.0,180.0,0.0,0.0,0.0,0.0,0.0
969,24,9,340.0,190.0,0.0,0.0,0.0,0.0,0.0
970,24,10,340.0,200.0,0.0,0.0,0.0,0.0,0.0
971,24,11,340.0,210.0,0.0,0.0,0.0,0.0,0.0
972,24,12,340.0,220.0,0.0,0.0,0.0,0.0,0.0
973,24,13,340.0,230.0,0.0,0.0,0.0,0.0,0.0
974,24,14,340.0,240.0,0.0,0.0,0.0,0.0,0.0
975,24,15,340.0,250.0,0.0,0.0,0.0,0.0,0.0
976,24,16,340.0,260.0,0.0,0.0,0.0,0.0,0.0
977,24,17,340.0,270.0,0.0,0.0,0.0,0.0,0.0
978,24,18,340.0,280.0,0.0,0.0,0.0,0.0,0.0
979,24,19,340.0,290.0,0.0,0.0,0.0,0.0,0.0
980,24,20,340.0,300.0,0.0,0.0,0.0,0.0,0.0
981,24,21,340.0,310.0,0.0,0.0,0.0,0.0,0.0
982,24,22,340.0,320.0,0.0,0.0,0.0,0.0,0.0
983,24,23,340.0,330.0,0.0,0.0,0.0,0.0,0.0
984,24,24,340.0,340.0,0.0,0.0,0.0,0.0,0.0
985,24,25,340.0,350.0,0.0,0.0,0.0,0.0,0.0
986,24,26,340.0,360.0,0.0,0.0,0.0,0.0,0.0
987,24,27,340.0,370.0,0.0,0.0,0.0,0.0,0.0
988,24,28,340.0,380.0,0.0,0.0,0.0,0.0,0.0
989,24,29,340.0,390.0,0.0,0.0,0.0,0.0,0.0
990,24,30,340.0,400.0,0.0,0.0,0.0,0.0,0.0
991,24,31,340.0,410.0,0.0,0.0,0.0,0.0,0.0
992,24,32,340.0,420.0,0.0,0.0,0.0,0.0,0.0
993,24,33,340.0,430.0,0.0,0.0,0.0,0.0,0.0
994,24,34,340.0,440.0,0.0,0.0,0.0,0.0,0.0
995,24,35,340.0,450.0,0.0,0.0,0.0,0.0,0.0
996,24,36,340.0,460.0,0.0,0.0,0.0,0.0,0.0
997,24,37,340.0,470.0,0.0,0.0,0.0,0.0,0.0
998,24,38,340.0,480.0,0.0,0.0,0.0,0.0,0.0
999,24,39,340.0,490.0,0.0,0.0,0.0,0.0,0.0
1000,25,0,350.0,100.0,0.0,0.0,0.0,0.0,0.0
1001,25,1,350.0,110.0,0.0,0.0,0.0,0.0,0.0
1002,25,2,350.0,120.0,0.0,0.0,0.0,0.0,0.0
1003,25,3,350.0,130.0,0.0,0.0,0.0,0.0,0.0
1004,25,4,350.0,140.0,0.0,0.0,0.0,0.0,0.0
1005,25,5,350.0,150.0,0.0,0.0,0.0,0.0,0.0
1006,25,6,350.0,160.0,0.0,0.0,0.0,0.0,0.0
1007,25,7,350.0,170.0,0.0,0.0,0.0,0.0,0.0
1008,25,8,350.0,180.0,0.0,0.0,0.0,0.0,0.0
1009,25,9,350.0,190.0,0.0,0.0,0.0,0.0,0.0
1010,25,10,350.0,200.0,0.0,0.0,0.0,0.0,0.0
1011,25,11,350.0,210.0,0.0,0.0,0.0,0.0,0.0
1012,25,12,350.0,220.0,0.0,0.0,0.0,0.0,0.0
1013,25,13,350.0,230.0,0.0,0.0,0.0,0.0,0.0
1014,25,14,350.0,240.0,0.0,0.0,0.0,0.0,0.0
1015,25,15,350.0,250.0,0.0,0.0,0.0,0.0,0.0
1016,25,16,350.0,260.0,0.0,0.0,0.0,0.0,0.0
1017,25,17,350.0,270.0,0.0,0.0,0.0,0.0,0.0
1018,25,18,350.0,280.0,0.0,0.0,0.0,0.0,0.0
1019,25,19,350.0,290.0,0.0,0.0,0.0,0.0,0.0
1020,25,20,350.0,300.0,0.0,0.0,0.0,0.0,0.0
1021,25,21,350.0,310.0,0.0,0.0,0.0,0.0,0.0
1022,25,22,350.0,320.0,0.0,0.0,0.0,0.0,0.0
1023,25,23,350.0,330.0,0.0,0.0,0.0,0.0,0.0
1024,25,24,350.0,340.0,0.0,0.0,0.0,0.0,0.0
1025,25,25,350.0,350.0,0.0,0.0,0.0,0.0,0.0
1026,25,26,350.0,360.0,0.0,0.0,0.0,0.0,0.0
1027,25,27,350.0,370.0,0.0,0.0,0.0,0.0,0.0
1028,25,28,350.0,380.0,0.0,0.0,0.0,0.0,0.0
1029,25,29,350.0,390.0,0.0,0.0,0.0,0.0,0.0
1030,25,30,350.0,400.0,0.0,0.0,0.0,0.0,0.0
1031,25,31,350.0,410.0,0.0,0.0,0.0,0.0,0.0
1032,25,32,350.0,420.0,0.0,0.0,0.0,0.0,0.0
1033,25,33,350.0,430.0,0.0,0.0,0.0,0.0,0.0
1034,25,34,350.0,440.0,0.0,0.0,0.0,0.0,0.0
1035,25,35,350.0,450.0,0.0,0.0,0.0,0.0,0.0
1036,25,36,350.0,460.0,0.0,0.0,0.0,0.0,0.0
1037,25,37,350.0,470.0,0.0,0.0,0.0,0.0,0.0
1038,25,38,350.0,480.0,0.0,0.0,0.0,0.0,0.0
1039,25,39,350.0,490.0,0.0,0.0,0.0,0.0,0.0
1040,26,0,360.0,100.0,0.0,0.0,0.0,0.0,0.0
1041,26,1,360.0,110.0,0.0,0.0,0.0,0.0,0.0
1042,26,2,360.0,120.0,0.0,0.0,0.0,0.0,0.0
1043,26,3,360.0,130.0,0.0,0.0,0.0,0.0,0.0
1044,26,4,360.0,140.0,0.0,0.0,0.0,0.0,0.0
1045,26,5,360.0,150.0,0.0,0.0,0.0,0.0,0.0
1046,26,6,360.0,160.0,0.0,0.0,0.0,0.0,0.0
1047,26,7,360.0,170.0,0.0,0.0,0.0,0.0,0.0
1048,26,8,360.0,180.0,0.0,0.0,0.0,0.0,0.0
1049,26,9,360.0,190.0,0.0,0.0,0.0,0.0,0.0
1050,26,10,360.0,200.0,0.0,0.0,0.0,0.0,0.0
1051,26,11,360.0,210.0,0.0,0.0,0.0,0.0,0.0
1052,26,12,360.0,220.0,0.0,0.0,0.0,0.0,0.0
1053,26,13,360.0,230.0,0.0,0.0,0.0,0.0,0.0
1054,26,14,360.0,240.0,0.0,0.0,0.0,0.0,0.0
1055,26,15,360.0,250.0,0.0,0.0,0.0,0.0,0.0
1056,26,16,360.0,260.0,0.0,0.0,0.0,0.0,0.0
1057,26,17,360.0,270.0,0.0,0.0,0.0,0.0,0.0
1058,26,18,360.0,280.0,0.0,0.0,0.0,0.0,0.0
1059,26,19,360.0,290.0,0.0,0.0,0.0,0.0,0.0
1060,26,20,360.0,300.0,0.0,0.0,0.0,0.0,0.0
1061,26,21,360.0,310.0,0.0,0.0,0.0,0.0,0.0
1062,26,22,360.0,320.0,0.0,0.0,0.0,0.0,0.0
1063,26,23,360.0,330.0,0.0,0.0,0.0,0.0,0.0
1064,26,24,360.0,340.0,0.0,0.0,0.0,0.0,0.0
1065,26,25,360.0,350.0,0.0,0.0,0.0,0.0,0.0
1066,26,26,360.0,360.0,0.0,0.0,0.0,0.0,0.0
1067,26,27,360.0,370.0,0.0,0.0,0.0,0.0,0.0
1068,26,28,360.0,380.0,0.0,0.0,0.0,0.0,0.0
1069,26,29,360.0,390.0,0.0,0.0,0.0,0.0,0.0
1070,26,30,360.0,400.0,0.0,0.0,0.0,0.0,0.0
1071,26,31,360.0,410.0,0.0,0.0,0.0,0.0,0.0
1072,26,32,360.0,420.0,0.0,0.0,0.0,0.0,0.0
1073,26,33,360.0,430.0,0.0,0.0,0.0,0.0,0.0
1074,26,34,360.0,440.0,0.0,0.0,0.0,0.0,0.0
1075,26,35,360.0,450.0,0.0,0.0,0.0,0.0,0.0
1076,26,36,360.0,460.0,0.0,0.0,0.0,0.0,0.0
1077,26,37,360.0,470.0,0.0,0.0,0.0,0.0,0.0
1078,26,38,360.0,480.0,0.0,0.0,0.0,0.0,0.0
1079,26,39,360.0,490.0,0.0,0.0,0.0,0.0,0.0
1080,27,0,370.0,100.0,0.0,0.0,0.0,0.0,0.0
1081,27,1,370.0,110.0,0.0,0.0,0.0,0.0,0.0
1082,27,2,370.0,120.0,0.0,0.0,0.0,0.0,0.0
1083,27,3,370.0,130.0,0.0,0.0,0.0,0.0,0.0
1084,27,4,370.0,140.0,0.0,0.0,0.0,0.0,0.0
1085,27,5,370.0,150.0,0.0,0.0,0.0,0.0,0.0
1086,27,6,370.0,160.0,0.0,0.0,0.0,0.0,0.0
1087,27,7,370.0,170.0,0.0,0.0,0.0,0.0,0.0
1088,27,8,370.0,180.0,0.0,0.0,0.0,0.0,0.0
1089,27,9,370.0,190.0,0.0,0.0,0.0,0.0,0.0
1090,27,10,370.0,200.0,0.0,0.0,0.0,0.0,0.0
1091,27,11,370.0,210.0,0.0,0.0,0.0,0.0,0.0
1092,27,12,370.0,220.0,0.0,0.0,0.0,0.0,0.0
1093,27,13,370.0,230.0,0.0,0.0,0.0,0.0,0.0
1094,27,14,370.0,240.0,0.0,0.0,0.0,0.0,0.0
1095,27,15,370.0,250.0,0.0,0.0,0.0,0.0,0.0
1096,27,16,370.0,260.0,0.0,0.0,0.0,0.0,0.0
1097,27,17,370.0,270.0,0.0,0.0,0.0,0.0,0.0
1098,27,18,370.0,280.0,0.0,0.0,0.0,0.0,0.0
1099,27,19,370.0,290.0,0.0,0.0,0.0,0.0,0.0
1100,27,20,370.0,300.0,0.0,0.0,0.0,0.0,0.0
1101,27,21,370.0,310.0,0.0,0.0,0.0,0.0,0.0
1102,27,22,370.0,320.0,0.0,0.0,0.0,0.0,0.0
1103,27,23,370.0,330.0,0.0,0.0,0.0,0.0,0.0
1104,27,24,370.0,340.0,0.0,0.0,0.0,0.0,0.0
1105,27,25,370.0,350.0,0.0,0.0,0.0,0.0,0.0
1106,27,26,370.0,360.0,0.0,0.0,0.0,0.0,0.0
1107,27,27,370.0,370.0,0.0,0.0,0.0,0.0,0.0
1108,27,28,370.0,380.0,0.0,0.0,0.0,0.0,0.0
1109,27,29,370.0,390.0,0.0,0.0,0.0,0.0,0.0
1110,27,30,370.0,400.0,0.0,0.0,0.0,0.0,0.0
1111,27,31,370.0,410.0,0.0,0.0,0.0,0.0,0.0
1112,27,32,370.0,420.0,0.0,0.0,0.0,0.0,0.0
1113,27,33,370.0,430.0,0.0,0.0,0.0,0.0,0.0
1114,27,34,370.0,440.0,0.0,0.0,0.0,0.0,0.0
1115,27,35,370.0,450.0,0.0,0.0,0.0,0.0,0.0
1116,27,36,370.0,460.0,0.0,0.0,0.0,0.0,0.0
1117,27,37,370.0,470.0,0.0,0.0,0.0,0.0,0.0
1118,27,38,370.0,480.0,0.0,0.0,0.0,0.0,0.0
1119,27,39,370.0,490.0,0.0,0.0,0.0,0.0,0.0
1120,28,0,380.0,100.0,0.0,0.0,0.0,0.0,0.0
1121,28,1,380.0,110.0,0.0,0.0,0.0,0.0,0.0
1122,28,2,380.0,120.0,0.0,0.0,0.0,0.0,0.0
1123,28,3,380.0,130.0,0.0,0.0,0.0,0.0,0.0
1124,28,4,380.0,140.0,0.0,0.0,0.0,0.0,0.0
1125,28,5,380.0,150.0,0.0,0.0,0.0,0.0,0.0
1126,28,6,380.0,160.0,0.0,0.0,0.0,0.0,0.0
1127,28,7,380.0,170.0,0.0,0.0,0.0,0.0,0.0
1128,28,8,380.0,180.0,0.0,0.0,0.0,0.0,0.0
1129,28,9,380.0,190.0,0.0,0.0,0.0,0.0,0.0
1130,28,10,380.0,200.0,0.0,0.0,0.0,0.0,0.0
1131,28,11,380.0,210.0,0.0,0.0,0.0,0.0,0.0
1132,28,12,380.0,220.0,0.0,0.0,0.0,0.0,0.0
1133,28,13,380.0,230.0,0.0,0.0,0.0,0.0,0.0
1134,28,14,380.0,240.0,0.0,0.0,0.0,0.0,0.0
1135,28,15,380.0,250.0,0.0,0.0,0.0,0.0,0.0
1136,28,16,380.0,260.0,0.0,0.0,0.0,0.0,0.0
1137,28,17,380.0,270.0,0.0,0.0,0.0,0.0,0.0
1138,28,18,380.0,280.0,0.0,0.0,0.0,0.0,0.0
1139,28,19,380.0,290.0,0.0,0.0,0.0,0.0,0.0
1140,28,20,380.0,300.0,0.0,0.0,0.0,0.0,0.0
1141,28,21,380.0,310.0,0.0,0.0,0.0,0.0,0.0
1142,28,22,380.0,320.0,0.0,0.0,0.0,0.0,0.0
1143,28,23,380.0,330.0,0.0,0.0,0.0,0.0,0.0
1144,28,24,380.0,340.0,0.0,0.0,0.0,0.0,0.0
1145,28,25,380.0,350.0,0.0,0.0,0.0,0.0,0.0
1146,28,26,380.0,360.0,0.0,0.0,0.0,0.0,0.0
1147,28,27,380.0,370.0,0.0,0.0,0.0,0.0,0.0
1148,28,28,380.0,380.0,0.0,0.0,0.0,0.0,0.0
1149,28,29,380.0,390.0,0.0,0.0,0.0,0.0,0.0
1150,28,30,380.0,400.0,0.0,0.0,0.0,0.0,0.0
1151,28,31,380.0,410.0,0.0,0.0,0.0,0.0,0.0
1152,28,32,380.0,420.0,0.0,0.0,0.0,0.0,0.0
1153,28,33,380.0,430.0,0.0,0.0,0.0,0.0,0.0
1154,28,34,380.0,440.0,0.0,0.0,0.0,0.0,0.0
1155,28,35,380.0,450.0,0.0,0.0,0.0,0.0,0.0
1156,28,36,380.0,460.0,0.0,0.0,0.0,0.0,0.0
1157,28,37,380.0,470.0,0.0,0.0,0.0,0.0,0.0
1158,28,38,380.0,480.0,0.0,0.0,0.0,0.0,0.0
1159,28,39,380.0,490.0,0.0,0.0,0.0,0.0,0.0
1160,29,0,390.0,100.0,0.0,0.0,0.0,0.0,0.0
1161,29,1,390.0,110.0,0.0,0.0,0.0,0.0,0.0
1162,29,2,390.0,120.0,0.0,0.0,0.0,0.0,0.0
1163,29,3,390.0,130.0,0.0,0.0,0.0,0.0,0.0
1164,29,4,390.0,140.0,0.0,0.0,0.0,0.0,0.0
1165,29,5,390.0,150.0,0.0,0.0,0.0,0.0,0.0
1166,29,6,390.0,160.0,0.0,0.0,0.0,0.0,0.0
1167,29,7,390.0,170.0,0.0,0.0,0.0,0.0,0.0
1168,29,8,390.0,180.0,0.0,0.0,0.0,0.0,0.0
1169,29,9,390.0,190.0,0.0,0.0,0.0,0.0,0.0
1170,29,10,390.0,200.0,0.0,0.0,0.0,0.0,0.0
1171,29,11,390.0,210.0,0.0,0.0,0.0,0.0,0.0
1172,29,12,390.0,220.0,0.0,0.0,0.0,0.0,0.0
1173,29,13,390.0,230.0,0.0,0.0,0.0,0.0,0.0
1174,29,14,390.0,240.0,0.0,0.0,0.0,0.0,0.0
1175,29,15,390.0,250.0,0.0,0.0,0.0,0.0,0.0
1176,29,16,390.0,260.0,0.0,0.0,0.0,0.0,0.0
1177,29,17,390.0,270.0,0.0,0.0,0.0,0.0,0.0
1178,29,18,390.0,280.0,0.0,0.0,0.0,0.0,0.0
1179,29,19,390.0,290.0,0.0,0.0,0.0,0.0,0.0
1180,29,20,390.0,300.0,0.0,0.0,0.0,0.0,0.0
1181,29,21,390.0,310.0,0.0,0.0,0.0,0.0,0.0
1182,29,22,390.0,320.0,0.0,0.0,0.0,0.0,0.0
1183,29,23,390.0,330.0,0.0,0.0,0.0,0.0,0.0
1184,29,24,390.0,340.0,0.0,0.0,0.0,0.0,0.0
1185,29,25,390.0,350.0,0.0,0.0,0.0,0.0,0.0
1186,29,26,390.0,360.0,0.0,0.0,0.0,0.0,0.0
1187,29,27,390.0,370.0,0.0,0.0,0.0,0.0,0.0
1188,29,28,390.0,380.0,0.0,0.0,0.0,0.0,0.0
1189,29,29,390.0,390.0,0.0,0.0,0.0,0.0,0.0
1190,29,30,390.0,400.0,0.0,0.0,0.0,0.0,0.0
1191,29,31,390.0,410.0,0.0,0.0,0.0,0.0,0.0
1192,29,32,390.0,420.0,0.0,0.0,0.0,0.0,0.0
1193,29,33,390.0,430.0,0.0,0.0,0.0,0.0,0.0
1194,29,34,390.0,440.0,0.0,0.0,0.0,0.0,0.0
1195,29,35,390.0,450.0,0.0,0.0,0.0,0.0,0.0
1196,29,36,390.0,460.0,0.0,0.0,0.0,0.0,0.0
1197,29,37,390.0,470.0,0.0,0.0,0.0,0.0,0.0
1198,29,38,390.0,480.0,0.0,0.0,0.0,0.0,0.0
1199,29,39,390.0,490.0,0.0,0.0,0.0,0.0,0.0
1200,30,0,400.0,100.0,0.0,0.0,0.0,0.0,0.0
1201,30,1,400.0,110.0,0.0,0.0,0.0,0.0,0.0
1202,30,2,400.0,120.0,0.0,0.0,0.0,0.0,0.0
1203,30,3,400.0,130.0,0.0,0.0,0.0,0.0,0.0
1204,30,4,400.0,140.0,0.0,0.0,0.0,0.0,0.0
1205,30,5,400.0,150.0,0.0,0.0,0.0,0.0,0.0
1206,30,6,400.0,160.0,0.0,0.0,0.0,0.0,0.0
1207,30,7,400.0,170.0,0.0,0.0,0.0,0.0,0.0
1208,30,8,400.0,180.0,0.0,0.0,0.0,0.0,0.0
1209,30,9,400.0,190.0,0.0,0.0,0.0,0.0,0.0
1210,30,10,400.0,200.0,0.0,0.0,0.0,0.0,0.0
1211,30,11,400.0,210.0,0.0,0.0,0.0,0.0,0.0
1212,30,12,400.0,220.0,0.0,0.0,0.0,0.0,0.0
1213,30,13,400.0,230.0,0.0,0.0,0.0,0.0,0.0
1214,30,14,400.0,240.0,0.0,0.0,0.0,0.0,0.0
1215,30,15,400.0,250.0,0.0,0.0,0.0,0.0,0.0
1216,30,16,400.0,260.0,0.0,0.0,0.0,0.0,0.0
1217,30,17,400.0,270.0,0.0,0.0,0.0,0.0,0.0
1218,30,18,400.0,280.0,0.0,0.0,0.0,0.0,0.0
1219,30,19,400.0,290.0,0.0,0.0,0.0,0.0,0.0
1220,30,20,400.0,300.0,0.0,0.0,0.0,0.0,0.0
1221,30,21,400.0,310.0,0.0,0.0,0.0,0.0,0.0
1222,30,22,400.0,320.0,0.0,0.0,0.0,0.0,0.0
1223,30,23,400.0,330.0,0.0,0.0,0.0,0.0,0.0
1224,30,24,400.0,340.0,0.0,0.0,0.0,0.0,0.0
1225,30,25,400.0,350.0,0.0,0.0,0.0,0.0,0.0
1226,30,26,400.0,360.0,0.0,0.0,0.0,0.0,0.0
1227,30,27,400.0,370.0,0.0,0.0,0.0,0.0,0.0
1228,30,28,400.0,380.0,0.0,0.0,0.0,0.0,0.0
1229,30,29,400.0,390.0,0.0,0.0,0.0,0.0,0.0
1230,30,30,400.0,400.0,0.0,0.0,0.0,0.0,0.0
1231,30,31,400.0,410.0,0.0,0.0,0.0,0.0,0.0
1232,30,32,400.0,420.0,0.0,0.0,0.0,0.0,0.0
1233,30,33,400.0,430.0,0.0,0.0,0.0,0.0,0.0
1234,30,34,400.0,440.0,0.0,0.0,0.0,0.0,0.0
1235,30,35,400.0,450.0,0.0,0.0,0.0,0.0,0.0
1236,30,36,400.0,460.0,0.0,0.0,0.0,0.0,0.0
1237,30,37,400.0,470.0,0.0,0.0,0.0,0.0,0.0
1238,30,38,400.0,480.0,0.0,0.0,0.0,0.0,0.0
1239,30,39,400.0,490.0,0.0,0.0,0.0,0.0,0.0
1240,31,0,410.0,100.0,0.0,0.0,0.0,0.0,0.0
1241,31,1,410.0,110.0,0.0,0.0,0.0,0.0,0.0
1242,31,2,410.0,120.0,0.0,0.0,0.0,0.0,0.0
1243,31,3,410.0,130.0,0.0,0.0,0.0,0.0,0.0
1244,31,4,410.0,140.0,0.0,0.0,0.0,0.0,0.0
1245,31,5,410.0,150.0,0.0,0.0,0.0,0.0,0.0
1246,31,6,410.0,160.0,0.0,0.0,0.0,0.0,0.0
1247,31,7,410.0,170.0,0.0,0.0,0.0,0.0,0.0
1248,31,8,410.0,180.0,0.0,0.0,0.0,0.0,0.0
1249,31,9,410.0,190.0,0.0,0.0,0.0,0.0,0.0
1250,31,10,410.0,200.0,0.0,0.0,0.0,0.0,0.0
1251,31,11,410.0,210.0,0.0,0.0,0.0,0.0,0.0
1252,31,12,410.0,220.0,0.0,0.0,0.0,0.0,0.0
1253,31,13,410.0,230.0,0.0,0.0,0.0,0.0,0.0
1254,31,14,410.0,240.0,0.0,0.0,0.0,0.0,0.0
1255,31,15,410.0,250.0,0.0,0.0,0.0,0.0,0.0
1256,31,16,410.0,260.0,0.0,0.0,0.0,0.0,0.0
1257,31,17,410.0,270.0,0.0,0.0,0.0,0.0,0.0
1258,31,18,410.0,280.0,0.0,0.0,0.0,0.0,0.0
1259,31,19,410.0,290.0,0.0,0.0,0.0,0.0,0.0
1260,31,20,410.0,300.0,0.0,0.0,0.0,0.0,0.0
1261,31,21,410.0,310.0,0.0,0.0,0.0,0.0,0.0
1262,31,22,410.0,320.0,0.0,0.0,0.0,0.0,0.0
1263,31,23,410.0,330.0,0.0,0.0,0.0,0.0,0.0
1264,31,24,410.0,340.0,0.0,0.0,0.0,0.0,0.0
1265,31,25,410.0,350.0,0.0,0.0,0.0,0.0,0.0
1266,31,26,410.0,360.0,0.0,0.0,0.0,0.0,0.0
1267,31,27,410.0,370.0,0.0,0.0,0.0,0.0,0.0
1268,31,28,410.0,380.0,0.0,0.0,0.0,0.0,0.0
1269,31,29,410.0,390.0,0.0,0.0,0.0,0.0,0.0
1270,31,30,410.0,400.0,0.0,0.0,0.0,0.0,0.0
1271,31,31,410.0,410.0,0.0,0.0,0.0,0.0,0.0
1272,31,32,410.0,420.0,0.0,0.0,0.0,0.0,0.0
1273,31,33,410.0,430.0,0.0,0.0,0.0,0.0,0.0
1274,31,34,410.0,440.0,0.0,0.0,0.0,0.0,0.0
1275,31,35,410.0,450.0,0.0,0.0,0.0,0.0,0.0
1276,31,36,410.0,460.0,0.0,0.0,0.0,0.0,0.0
1277,31,37,410.0,470.0,0.0,0.0,0.0,0.0,0.0
1278,31,38,410.0,480.0,0.0,0.0,0.0,0.0,0.0
1279,31,39,410.0,490.0,0.0,0.0,0.0,0.0,0.0
1280,32,0,420.0,100.0,0.0,0.0,0.0,0.0,0.0
1281,32,1,420.0,110.0,0.0,0.0,0.0,0.0,0.0
1282,32,2,420.0,120.0,0.0,0.0,0.0,0.0,0.0
1283,32,3,420.0,130.0,0.0,0.0,0.0,0.0,0.0
1284,32,4,420.0,140.0,0.0,0.0,0.0,0.0,0.0
1285,32,5,420.0,150.0,0.0,0.0,0.0,0.0,0.0
1286,32,6,420.0,160.0,0.0,0.0,0.0,0.0,0.0
1287,32,7,420.0,170.0,0.0,0.0,0.0,0.0,0.0
1288,32,8,420.0,180.0,0.0,0.0,0.0,0.0,0.0
1289,32,9,420.0,190.0,0.0,0.0,0.0,0.0,0.0
1290,32,10,420.0,200.0,0.0,0.0,0.0,0.0,0.0
1291,32,11,420.0,210.0,0.0,0.0,0.0,0.0,0.0
1292,32,12,420.0,220.0,0.0,0.0,0.0,0.0,0.0
1293,32,13,420.0,230.0,0.0,0.0,0.0,0.0,0.0
1294,32,14,420.0,240.0,0.0,0.0,0.0,0.0,0.0
1295,32,15,420.0,250.0,0.0,0.0,0.0,0.0,0.0
1296,32,16,420.0,260.0,0.0,0.0,0.0,0.0,0.0
1297,32,17,420.0,270.0,0.0,0.0,0.0,0.0,0.0
1298,32,18,420.0,280.0,0.0,0.0,0.0,0.0,0.0
1299,32,19,420.0,290.0,0.0,0.0,0.0,0.0,0.0
1300,32,20,420.0,300.0,0.0,0.0,0.0,0.0,0.0
1301,32,21,420.0,310.0,0.0,0.0,0.0,0.0,0.0
1302,32,22,420.0,320.0,0.0,0.0,0.0,0.0,0.0
1303,32,23,420.0,330.0,0.0,0.0,0.0,0.0,0.0
1304,32,24,420.0,340.0,0.0,0.0,0.0,0.0,0.0
1305,32,25,420.0,350.0,0.0,0.0,0.0,0.0,0.0
1306,32,26,420.0,360.0,0.0,0.0,0.0,0.0,0.0
1307,32,27,420.0,370.0,0.0,0.0,0.0,0.0,0.0
1308,32,28,420.0,380.0,0.0,0.0,0.0,0.0,0.0
1309,32,29,420.0,390.0,0.0,0.0,0.0,0.0,0.0
1310,32,30,420.0,400.0,0.0,0.0,0.0,0.0,0.0
1311,32,31,420.0,410.0,0.0,0.0,0.0,0.0,0.0
1312,32,32,420.0,420.0,0.0,0.0,0.0,0.0,0.0
1313,32,33,420.0,430.0,0.0,0.0,0.0,0.0,0.0
1314,32,34,420.0,440.0,0.0,0.0,0.0,0.0,0.0
1315,32,35,420.0,450.0,0.0,0.0,0.0,0.0,0.0
1316,32,36,420.0,460.0,0.0,0.0,0.0,0.0,0.0
1317,32,37,420.0,470.0,0.0,0.0,0.0,0.0,0.0
1318,32,38,420.0,480.0,0.0,0.0,0.0,0.0,0.0
1319,32,39,420.0,490.0,0.0,0.0,0.0,0.0,0.0
1320,33,0,430.0,100.0,0.0,0.0,0.0,0.0,0.0
1321,33,1,430.0,110.0,0.0,0.0,0.0,0.0,0.0
1322,33,2,430.0,120.0,0.0,0.0,0.0,0.0,0.0
1323,33,3,430.0,130.0,0.0,0.0,0.0,0.0,0.0
1324,33,4,430.0,140.0,0.0,0.0,0.0,0.0,0.0
1325,33,5,430.0,150.0,0.0,0.0,0.0,0.0,0.0
1326,33,6,430.0,160.0,0.0,0.0,0.0,0.0,0.0
1327,33,7,430.0,170.0,0.0,0.0,0.0,0.0,0.0
1328,33,8,430.0,180.0,0.0,0.0,0.0,0.0,0.0
1329,33,9,430.0,190.0,0.0,0.0,0.0,0.0,0.0
1330,33,10,430.0,200.0,0.0,0.0,0.0,0.0,0.0
1331,33,11,430.0,210.0,0.0,0.0,0.0,0.0,0.0
1332,33,12,430.0,220.0,0.0,0.0,0.0,0.0,0.0
1333,33,13,430.0,230.0,0.0,0.0,0.0,0.0,0.0
1334,33,14,430.0,240.0,0.0,0.0,0.0,0.0,0.0
1335,33,15,430.0,250.0,0.0,0.0,0.0,0.0,0.0
1336,33,16,430.0,260.0,0.0,0.0,0.0,0.0,0.0
1337,33,17,430.0,270.0,0.0,0.0,0.0,0.0,0.0
1338,33,18,430.0,280.0,0.0,0.0,0.0,0.0,0.0
1339,33,19,430.0,290.0,0.0,0.0,0.0,0.0,0.0
1340,33,20,430.0,300.0,0.0,0.0,0.0,0.0,0.0
1341,33,21,430.0,310.0,0.0,0.0,0.0,0.0,0.0
1342,33,22,430.0,320.0,0.0,0.0,0.0,0.0,0.0
1343,33,23,430.0,330.0,0.0,0.0,0.0,0.0,0.0
1344,33,24,430.0,340.0,0.0,0.0,0.0,0.0,0.0
1345,33,25,430.0,350.0,0.0,0.0,0.0,0.0,0.0
1346,33,26,430.0,360.0,0.0,0.0,0.0,0.0,0.0
1347,33,27,430.0,370.0,0.0,0.0,0.0,0.0,0.0
1348,33,28,430.0,380.0,0.0,0.0,0.0,0.0,0.0
1349,33,29,430.0,390.0,0.0,0.0,0.0,0.0,0.0
1350,33,30,430.0,400.0,0.0,0.0,0.0,0.0,0.0
1351,33,31,430.0,410.0,0.0,0.0,0.0,0.0,0.0
1352,33,32,430.0,420.0,0.0,0.0,0.0,0.0,0.0
1353,33,33,430.0,430.0,0.0,0.0,0.0,0.0,0.0
1354,33,34,430.0,440.0,0.0,0.0,0.0,0.0,0.0
1355,33,35,430.0,450.0,0.0,0.0,0.0,0.0,0.0
1356,33,36,430.0,460.0,0.0,0.0,0.0,0.0,0.0
1357,33,37,430.0,470.0,0.0,0.0,0.0,0.0,0.0
1358,33,38,430.0,480.0,0.0,0.0,0.0,0.0,0.0
1359,33,39,430.0,490.0,0.0,0.0,0.0,0.0,0.0
1360,34,0,440.0,100.0,0.0,0.0,0.0,0.0,0.0
1361,34,1,440.0,110.0,0.0,0.0,0.0,0.0,0.0
1362,34,2,440.0,120.0,0.0,0.0,0.0,0.0,0.0
1363,34,3,440.0,130.0,0.0,0.0,0.0,0.0,0.0
1364,34,4,440.0,140.0,0.0,0.0,0.0,0.0,0.0
1365,34,5,440.0,150.0,0.0,0.0,0.0,0.0,0.0
1366,34,6,440.0,160.0,0.0,0.0,0.0,0.0,0.0
1367,34,7,440.0,170.0,0.0,0.0,0.0,0.0,0.0
1368,34,8,440.0,180.0,0.0,0.0,0.0,0.0,0.0
1369,34,9,440.0,190.0,0.0,0.0,0.0,0.0,0.0
1370,34,10,440.0,200.0,0.0,0.0,0.0,0.0,0.0
1371,34,11,440.0,210.0,0.0,0.0,0.0,0.0,0.0
1372,34,12,440.0,220.0,0.0,0.0,0.0,0.0,0.0
1373,34,13,440.0,230.0,0.0,0.0,0.0,0.0,0.0
1374,34,14,440.0,240.0,0.0,0.0,0.0,0.0,0.0
1375,34,15,440.0,250.0,0.0,0.0,0.0,0.0,0.0
1376,34,16,440.0,260.0,0.0,0.0,0.0,0.0,0.0
1377,34,17,440.0,270.0,0.0,0.0,0.0,0.0,0.0
1378,34,18,440.0,280.0,0.0,0.0,0.0,0.0,0.0
1379,34,19,440.0,290.0,0.0,0.0,0.0,0.0,0.0
1380,34,20,440.0,300.0,0.0,0.0,0.0,0.0,0.0
1381,34,21,440.0,310.0,0.0,0.0,0.0,0.0,0.0
1382,34,22,440.0,320.0,0.0,0.0,0.0,0.0,0.0
1383,34,23,440.0,330.0,0.0,0.0,0.0,0.0,0.0
1384,34,24,440.0,340.0,0.0,0.0,0.0,0.0,0.0
1385,34,25,440.0,350.0,0.0,0.0,0.0,0.0,0.0
1386,34,26,440.0,360.0,0.0,0.0,0.0,0.0,0.0
1387,34,27,440.0,370.0,0.0,0.0,0.0,0.0,0.0
1388,34,28,440.0,380.0,0.0,0.0,0.0,0.0,0.0
1389,34,29,440.0,390.0,0.0,0.0,0.0,0.0,0.0
1390,34,30,440.0,400.0,0.0,0.0,0.0,0.0,0.0
1391,34,31,440.0,410.0,0.0,0.0,0.0,0.0,0.0
1392,34,32,440.0,420.0,0.0,0.0,0.0,0.0,0.0
1393,34,33,440.0,430.0,0.0,0.0,0.0,0.0,0.0
1394,34,34,440.0,440.0,0.0,0.0,0.0,0.0,0.0
1395,34,35,440.0,450.0,0.0,0.0,0.0,0.0,0.0
1396,34,36,440.0,460.0,0.0,0.0,0.0,0.0,0.0
1397,34,37,440.0,470.0,0.0,0.0,0.0,0.0,0.0
1398,34,38,440.0,480.0,0.0,0.0,0.0,0.0,0.0
1399,34,39,440.0,490.0,0.0,0.0,0.0,0.0,0.0
1400,35,0,450.0,100.0,0.0,0.0,0.0,0.0,0.0
1401,35,1,450.0,110.0,0.0,0.0,0.0,0.0,0.0
1402,35,2,450.0,120.0,0.0,0.0,0.0,0.0,0.0
1403,35,3,450.0,130.0,0.0,0.0,0.0,0.0,0.0
1404,35,4,450.0,140.0,0.0,0.0,0.0,0.0,0.0
1405,35,5,450.0,150.0,0.0,0.0,0.0,0.0,0.0
1406,35,6,450.0,160.0,0.0,0.0,0.0,0.0,0.0
1407,35,7,450.0,170.0,0.0,0.0,0.0,0.0,0.0
1408,35,8,450.0,180.0,0.0,0.0,0.0,0.0,0.0
1409,35,9,450.0,190.0,0.0,0.0,0.0,0.0,0.0
1410,35,10,450.0,200.0,0.0,0.0,0.0,0.0,0.0
1411,35,11,450.0,210.0,0.0,0.0,0.0,0.0,0.0
1412,35,12,450.0,220.0,0.0,0.0,0.0,0.0,0.0
1413,35,13,450.0,230.0,0.0,0.0,0.0,0.0,0.0
1414,35,14,450.0,240.0,0.0,0.0,0.0,0.0,0.0
1415,35,15,450.0,250.0,0.0,0.0,0.0,0.0,0.0
1416,35,16,450.0,260.0,0.0,0.0,0.0,0.0,0.0
1417,35,17,450.0,270.0,0.0,0.0,0.0,0.0,0.0
1418,35,18,450.0,280.0,0.0,0.0,0.0,0.0,0.0
1419,35,19,450.0,290.0,0.0,0.0,0.0,0.0,0.0
1420,35,20,450.0,300.0,0.0,0.0,0.0,0.0,0.0
1421,35,21,450.0,310.0,0.0,0.0,0.0,0.0,0.0
1422,35,22,450.0,320.0,0.0,0.0,0.0,0.0,0.0
1423,35,23,450.0,330.0,0.0,0.0,0.0,0.0,0.0
1424,35,24,450.0,340.0,0.0,0.0,0.0,0.0,0.0
1425,35,25,450.0,350.0,0.0,0.0,0.0,0.0,0.0
1426,35,26,450.0,360.0,0.0,0.0,0.0,0.0,0.0
1427,35,27,450.0,370.0,0.0,0.0,0.0,0.0,0.0
1428,35,28,450.0,380.0,0.0,0.0,0.0,0.0,0.0
1429,35,29,450.0,390.0,0.0,0.0,0.0,0.0,0.0
1430,35,30,450.0,400.0,0.0,0.0,0.0,0.0,0.0
1431,35,31,450.0,410.0,0.0,0.0,0.0,0.0,0.0
1432,35,32,450.0,420.0,0.0,0.0,0.0,0.0,0.0
1433,35,33,450.0,430.0,0.0,0.0,0.0,0.0,0.0
1434,35,34,450.0,440.0,0.0,0.0,0.0,0.0,0.0
1435,35,35,450.0,450.0,0.0,0.0,0.0,0.0,0.0
1436,35,36,450.0,460.0,0.0,0.0,0.0,0.0,0.0
1437,35,37,450.0,470.0,0.0,0.0,0.0,0.0,0.0
1438,35,38,450.0,480.0,0.0,0.0,0.0,0.0,0.0
1439,35,39,450.0,490.0,0.0,0.0,0.0,0.0,0.0
1440,36,0,460.0,100.0,0.0,0.0,0.0,0.0,0.0
1441,36,1,460.0,110.0,0.0,0.0,0.0,0.0,0.0
1442,36,2,460.0,120.0,0.0,0.0,0.0,0.0,0.0
1443,36,3,460.0,130.0,0.0,0.0,0.0,0.0,0.0
1444,36,4,460.0,140.0,0.0,0.0,0.0,0.0,0.0
1445,36,5,460.0,150.0,0.0,0.0,0.0,0.0,0.0
1446,36,6,460.0,160.0,0.0,0.0,0.0,0.0,0.0
1447,36,7,460.0,170.0,0.0,0.0,0.0,0.0,0.0
1448,36,8,460.0,180.0,0.0,0.0,0.0,0.0,0.0
1449,36,9,460.0,190.0,0.0,0.0,0.0,0.0,0.0
1450,36,10,460.0,200.0,0.0,0.0,0.0,0.0,0.0
1451,36,11,460.0,210.0,0.0,0.0,0.0,0.0,0.0
1452,36,12,460.0,220.0,0.0,0.0,0.0,0.0,0.0
1453,36,13,460.0,230.0,0.0,0.0,0.0,0.0,0.0
1454,36,14,460.0,240.0,0.0,0.0,0.0,0.0,0.0
1455,36,15,460.0,250.0,0.0,0.0,0.0,0.0,0.0
1456,36,16,460.0,260.0,0.0,0.0,0.0,0.0,0.0
1457,36,17,460.0,270.0,0.0,0.0,0.0,0.0,0.0
1458,36,18,460.0,280.0,0.0,0.0,0.0,0.0,0.0
1459,36,19,460.0,290.0,0.0,0.0,0.0,0.0,0.0
1460,36,20,460.0,300.0,0.0,0.0,0.0,0.0,0.0
1461,36,21,460.0,310.0,0.0,0.0,0.0,0.0,0.0
1462,36,22,460.0,320.0,0.0,0.0,0.0,0.0,0.0
1463,36,23,460.0,330.0,0.0,0.0,0.0,0.0,0.0
1464,36,24,460.0,340.0,0.0,0.0,0.0,0.0,0.0
1465,36,25,460.0,350.0,0.0,0.0,0.0,0.0,0.0
1466,36,26,460.0,360.0,0.0,0.0,0.0,0.0,0.0
1467,36,27,460.0,370.0,0.0,0.0,0.0,0.0,0.0
1468,36,28,460.0,380.0,0.0,0.0,0.0,0.0,0.0
1469,36,29,460.0,390.0,0.0,0.0,0.0,0.0,0.0
1470,36,30,460.0,400.0,0.0,0.0,0.0,0.0,0.0
1471,36,31,460.0,410.0,0.0,0.0,0.0,0.0,0.0
1472,36,32,460.0,420.0,0.0,0.0,0.0,0.0,0.0
1473,36,33,460.0,430.0,0.0,0.0,0.0,0.0,0.0
1474,36,34,460.0,440.0,0.0,0.0,0.0,0.0,0.0
1475,36,35,460.0,450.0,0.0,0.0,0.0,0.0,0.0
1476,36,36,460.0,460.0,0.0,0.0,0.0,0.0,0.0
1477,36,37,460.0,470.0,0.0,0.0,0.0,0.0,0.0
1478,36,38,460.0,480.0,0.0,0.0,0.0,0.0,0.0
1479,36,39,460.0,490.0,0.0,0.0,0.0,0.0,0.0
1480,37,0,470.0,100.0,0.0,0.0,0.0,0.0,0.0
1481,37,1,470.0,110.0,0.0,0.0,0.0,0.0,0.0
1482,37,2,470.0,120.0,0.0,0.0,0.0,0.0,0.0
1483,37,3,470.0,130.0,0.0,0.0,0.0,0.0,0.0
1484,37,4,470.0,140.0,0.0,0.0,0.0,0.0,0.0
1485,37,5,470.0,150.0,0.0,0.0,0.0,0.0,0.0
1486,37,6,470.0,160.0,0.0,0.0,0.0,0.0,0.0
1487,37,7,470.0,170.0,0.0,0.0,0.0,0.0,0.0
1488,37,8,470.0,180.0,0.0,0.0,0.0,0.0,0.0
1489,37,9,470.0,190.0,0.0,0.0,0.0,0.0,0.0
1490,37,10,470.0,200.0,0.0,0.0,0.0,0.0,0.0
1491,37,11,470.0,210.0,0.0,0.0,0.0,0.0,0.0
1492,37,12,470.0,220.0,0.0,0.0,0.0,0.0,0.0
1493,37,13,470.0,230.0,0.0,0.0,0.0,0.0,0.0
1494,37,14,470.0,240.0,0.0,0.0,0.0,0.0,0.0
1495,37,15,470.0,250.0,0.0,0.0,0.0,0.0,0.0
1496,37,16,470.0,260.0,0.0,0.0,0.0,0.0,0.0
1497,37,17,470.0,270.0,0.0,0.0,0.0,0.0,0.0
1498,37,18,470.0,280.0,0.0,0.0,0.0,0.0,0.0
1499,37,19,470.0,290.0,0.0,0.0,0.0,0.0,0.0
1500,37,20,470.0,300.0,0.0,0.0,0.0,0.0,0.0
1501,37,21,470.0,310.0,0.0,0.0,0.0,0.0,0.0
1502,37,22,470.0,320.0,0.0,0.0,0.0,0.0,0.0
1503,37,23,470.0,330.0,0.0,0.0,0.0,0.0,0.0
1504,37,24,470.0,340.0,0.0,0.0,0.0,0.0,0.0
1505,37,25,470.0,350.0,0.0,0.0,0.0,0.0,0.0
1506,37,26,470.0,360.0,0.0,0.0,0.0,0.0,0.0
1507,37,27,470.0,370.0,0.0,0.0,0.0,0.0,0.0
1508,37,28,470.0,380.0,0.0,0.0,0.0,0.0,0.0
1509,37,29,470.0,390.0,0.0,0.0,0.0,0.0,0.0
1510,37,30,470.0,400.0,0.0,0.0,0.0,0.0,0.0
1511,37,31,470.0,410.0,0.0,0.0,0.0,0.0,0.0
1512,37,32,470.0,420.0,0.0,0.0,0.0,0.0,0.0
1513,37,33,470.0,430.0,0.0,0.0,0.0,0.0,0.0
1514,37,34,470.0,440.0,0.0,0.0,0.0,0.0,0.0
1515,37,35,470.0,450.0,0.0,0.0,0.0,0.0,0.0
1516,37,36,470.0,460.0,0.0,0.0,0.0,0.0,0.0
1517,37,37,470.0,470.0,0.0,0.0,0.0,0.0,0.0
1518,37,38,470.0,480.0,0.0,0.0,0.0,0.0,0.0
1519,37,39,470.0,490.0,0.0,0.0,0.0,0.0,0.0
1520,38,0,480.0,100.0,0.0,0.0,0.0,0.0,0.0
1521,38,1,480.0,110.0,0.0,0.0,0.0,0.0,0.0
1522,38,2,480.0,120.0,0.0,0.0,0.0,0.0,0.0
1523,38,3,480.0,130.0,0.0,0.0,0.0,0.0,0.0
1524,38,4,480.0,140.0,0.0,0.0,0.0,0.0,0.0
1525,38,5,480.0,150.0,0.0,0.0,0.0,0.0,0.0
1526,38,6,480.0,160.0,0.0,0.0,0.0,0.0,0.0
1527,38,7,480.0,170.0,0.0,0.0,0.0,0.0,0.0
1528,38,8,480.0,180.0,0.0,0.0,0.0,0.0,0.0
1529,38,9,480.0,190.0,0.0,0.0,0.0,0.0,0.0
1530,38,10,480.0,200.0,0.0,0.0,0.0,0.0,0.0
1531,38,11,480.0,210.0,0.0,0.0,0.0,0.0,0.0
1532,38,12,480.0,220.0,0.0,0.0,0.0,0.0,0.0
1533,38,13,480.0,230.0,0.0,0.0,0.0,0.0,0.0
1534,38,14,480.0,240.0,0.0,0.0,0.0,0.0,0.0
1535,38,15,480.0,250.0,0.0,0.0,0.0,0.0,0.0
1536,38,16,480.0,260.0,0.0,0.0,0.0,0.0,0.0
1537,38,17,480.0,270.0,0.0,0.0,0.0,0.0,0.0
1538,38,18,480.0,280.0,0.0,0.0,0.0,0.0,0.0
1539,38,19,480.0,290.0,0.0,0.0,0.0,0.0,0.0
1540,38,20,480.0,300.0,0.0,0.0,0.0,0.0,0.0
1541,38,21,480.0,310.0,0.0,0.0,0.0,0.0,0.0
1542,38,22,480.0,320.0,0.0,0.0,0.0,0.0,0.0
1543,38,23,480.0,330.0,0.0,0.0,0.0,0.0,0.0
1544,38,24,480.0,340.0,0.0,0.0,0.0,0.0,0.0
1545,38,25,480.0,350.0,0.0,0.0,0.0,0.0,0.0
1546,38,26,480.0,360.0,0.0,0.0,0.0,0.0,0.0
1547,38,27,480.0,370.0,0.0,0.0,0.0,0.0,0.0
1548,38,28,480.0,380.0,0.0,0.0,0.0,0.0,0.0
1549,38,29,480.0,390.0,0.0,0.0,0.0,0.0,0.0
1550,38,30,480.0,400.0,0.0,0.0,0.0,0.0,0.0
1551,38,31,480.0,410.0,0.0,0.0,0.0,0.0,0.0
1552,38,32,480.0,420.0,0.0,0.0,0.0,0.0,0.0
1553,38,33,480.0,430.0,0.0,0.0,0.0,0.0,0.0
1554,38,34,480.0,440.0,0.0,0.0,0.0,0.0,0.0
1555,38,35,480.0,450.0,0.0,0.0,0.0,0.0,0.0
1556,38,36,480.0,460.0,0.0,0.0,0.0,0.0,0.0
1557,38,37,480.0,470.0,0.0,0.0,0.0,0.0,0.0
1558,38,38,480.0,480.0,0.0,0.0,0.0,0.0,0.0
1559,38,39,480.0,490.0,0.0,0.0,0.0,0.0,0.0
1560,39,0,490.0,100.0,0.0,0.0,0.0,0.0,0.0
1561,39,1,490.0,110.0,0.0,0.0,0.0,0.0,0.0
1562,39,2,490.0,120.0,0.0,0.0,0.0,0.0,0.0
1563,39,3,490.0,130.0,0.0,0.0,0.0,0.0,0.0
1564,39,4,490.0,140.0,0.0,0.0,0.0,0.0,0.0
1565,39,5,490.0,150.0,0.0,0.0,0.0,0.0,0.0
1566,39,6,490.0,160.0,0.0,0.0,0.0,0.0,0.0
1567,39,7,490.0,170.0,0.0,0.0,0.0,0.0,0.0
1568,39,8,490.0,180.0,0.0,0.0,0.0,0.0,0.0
1569,39,9,490.0,190.0,0.0,0.0,0.0,0.0,0.0
1570,39,10,490.0,200.0,0.0,0.0,0.0,0.0,0.0
1571,39,11,490.0,210.0,0.0,0.0,0.0,0.0,0.0
1572,39,12,490.0,220.0,0.0,0.0,0.0,0.0,0.0
1573,39,13,490.0,230.0,0.0,0.0,0.0,0.0,0.0
1574,39,14,490.0,240.0,0.0,0.0,0.0,0.0,0.0
1575,39,15,490.0,250.0,0.0,0.0,0.0,0.0,0.0
1576,39,16,490.0,260.0,0.0,0.0,0.0,0.0,0.0
1577,39,17,490.0,270.0,0.0,0.0,0.0,0.0,0.0
1578,39,18,490.0,280.0,0.0,0.0,0.0,0.0,0.0
1579,39,19,490.0,290.0,0.0,0.0,0.0,0.0,0.0
1580,39,20,490.0,300.0,0.0,0.0,0.0,0.0,0.0
1581,39,21,490.0,310.0,0.0,0.0,0.0,0.0,0.0
1582,39,22,490.0,320.0,0.0,0.0,0.0,0.0,0.0
1583,39,23,490.0,330.0,0.0,0.0,0.0,0.0,0.0
1584,39,24,490.0,340.0,0.0,0.0,0.0,0.0,0.0
1585,39,25,490.0,350.0,0.0,0.0,0.0,0.0,0.0
1586,39,26,490.0,360.0,0.0,0.0,0.0,0.0,0.0
1587,39,27,490.0,370.0,0.0,0.0,0.0,0.0,0.0
1588,39,28,490.0,380.0,0.0,0.0,0.0,0.0,0.0
1589,39,29,490.0,390.0,0.0,0.0,0.0,0.0,0.0
1590,39,30,490.0,400.0,0.0,0.0,0.0,0.0,0.0
1591,39,31,490.0,410.0,0.0,0.0,0.0,0.0,0.0
1592,39,32,490.0,420.0,0.0,0.0,0.0,0.0,0.0
1593,39,33,490.0,430.0,0.0,0.0,0.0,0.0,0.0
1594,39,34,490.0,440.0,0.0,0.0,0.0,0.0,0.0
1595,39,35,490.0,450.0,0.0,0.0,0.0,0.0,0.0
1596,39,36,490.0,460.0,0.0,0.0,0.0,0.0,0.0
1597,39,37,490.0,470.0,0.0,0.0,0.0,0.0,0.0
1598,39,38,490.0,480.0,0.0,0.0,0.0,0.0,0.0
1599,39,39,490.0,490.0,0.0,0.0,0.0,0.0,0.0
